,东,东北,东南,交易权属,产权年限,供暖方式,北,南,卫,厅,厨,室,小区名称,建成年代,建筑类型,建筑结构,建筑面积,总楼层,户型结构,房屋年限,房屋用途,房权所属,挂牌时间,梯户比例,楼层,片区,行政区域,装修情况,西,西北,西南,配备电梯,实际成交价,预测价,相对误差
0,,,,已购公房,70.0,集中供暖,1.0,1.0,1.0,1.0,1.0,2.0,邮局宿舍,1997.0,板楼,混合结构,49.7,6.0,平层,满五年,普通住宅,非共有,38.0,0.3333333333333333,顶层,颐和园,海淀,其他,,,,无,396.0,397.61404793580766,0.004075878625776924
1,,,,已购公房,70.0,集中供暖,,1.0,1.0,1.0,1.0,2.0,北无宿舍,1981.0,板楼,混合结构,50.5,5.0,平层,满五年,普通住宅,非共有,194.0,0.3333333333333333,中楼层,紫竹桥,海淀,精装,,,,无,470.0,528.7174980308451,0.12493084687413862
2,,,1.0,已购公房,70.0,集中供暖,,,1.0,1.0,1.0,2.0,玉海园二里,1999.0,板塔结合,钢混结构,78.9,11.0,平层,满五年,普通住宅,非共有,166.0,0.25,中楼层,玉泉路,海淀,简装,,,,有,555.0,534.805191764957,0.036387041864942266
3,,,1.0,商品房,70.0,集中供暖,,,1.0,1.0,1.0,2.0,皂君东里,1985.0,板楼,混合结构,55.0,6.0,平层,满五年,普通住宅,非共有,391.0,0.3333333333333333,低楼层,皂君庙,海淀,其他,,,,无,600.0,504.27567484362726,0.1595405419272879
4,,,,央产房,70.0,集中供暖,1.0,1.0,1.0,1.0,1.0,3.0,教委计生委大院,1995.0,板楼,混合结构,86.0,7.0,平层,满五年,普通住宅,非共有,262.0,0.5,低楼层,中关村,海淀,精装,,,,无,900.0,946.3143575448721,0.05146039727208012
5,,,,商品房,70.0,集中供暖,1.0,1.0,1.0,1.0,1.0,2.0,半导体宿舍,1983.0,板楼,混合结构,62.4,6.0,平层,满五年,普通住宅,非共有,134.0,0.3333333333333333,低楼层,学院路,海淀,精装,,,,无,555.0,514.9555270901672,0.07215220344114026
6,,,,商品房,70.0,集中供暖,1.0,1.0,2.0,1.0,1.0,3.0,百朗园,2000.0,板塔结合,钢混结构,173.27,17.0,复式,满五年,普通住宅,共有,358.0,0.2,中楼层,五棵松,海淀,精装,,,,有,1000.0,1134.7552084236233,0.13475520842362335
7,,,,商品房,70.0,自供暖,1.0,1.0,1.0,1.0,1.0,2.0,车公庄西路27号院,1983.0,板楼,混合结构,57.16,6.0,平层,满五年,普通住宅,非共有,243.0,0.3333333333333333,底层,紫竹桥,海淀,毛坯,,,,无,505.0,522.1690317932416,0.033998082758894314
8,,,,已购公房,70.0,集中供暖,1.0,1.0,1.0,1.0,1.0,2.0,科源小区,1981.0,板楼,混合结构,60.7,6.0,平层,满五年,普通住宅,非共有,132.0,0.3333333333333333,顶层,五道口,海淀,其他,,,,无,659.0,610.9013803712627,0.07298728319990487
9,,,,商品房,70.0,集中供暖,1.0,1.0,1.0,1.0,1.0,1.0,铁西小区,1990.0,板楼,混合结构,46.0,5.0,平层,满五年,普通住宅,非共有,217.0,0.3333333333333333,顶层,军博,海淀,简装,,,,无,310.0,390.18511126084354,0.2586616492285276
10,,,,商品房,70.0,集中供暖,1.0,1.0,1.0,1.0,1.0,2.0,榆苑公寓,1996.0,板楼,混合结构,57.7,7.0,平层,满五年,普通住宅,非共有,326.0,0.3333333333333333,高楼层,双榆树,海淀,简装,,,,无,538.0,487.815490903542,0.09327975668486614
11,,,,已购公房,70.0,集中供暖,,1.0,1.0,1.0,1.0,2.0,花园路3号院,1990.0,塔楼,钢混结构,52.7,24.0,平层,满五年,普通住宅,非共有,218.0,0.25,高楼层,牡丹园,海淀,简装,,,,有,476.0,476.9427529798302,0.0019805734870381826
12,,,,商品房,70.0,集中供暖,1.0,1.0,1.0,1.0,1.0,2.0,学院南路34号院,1970.0,板楼,混合结构,57.0,6.0,平层,满两年,普通住宅,非共有,106.0,0.3333333333333333,低楼层,小西天,海淀,其他,,,,无,460.0,450.4338921203582,0.02079588669487343
13,,,,商品房,70.0,集中供暖,1.0,,1.0,,1.0,1.0,荣上居,2006.0,板楼,钢混结构,40.1,18.0,平层,满两年,普通住宅,非共有,339.0,0.14814814814814814,高楼层,中关村,海淀,精装,,,,有,365.0,362.35766543093575,0.007239272791956839
14,,,,商品房,70.0,集中供暖,1.0,1.0,1.0,1.0,1.0,2.0,田村40号院,1985.0,板楼,混合结构,60.9,6.0,平层,满五年,普通住宅,非共有,59.0,0.3333333333333333,中楼层,田村,海淀,精装,,,,无,390.0,427.7891825521093,0.09689533987720336
15,,,,商品房,70.0,集中供暖,1.0,1.0,1.0,1.0,1.0,2.0,阜北小区,1966.0,板楼,混合结构,56.27,5.0,平层,满五年,普通住宅,非共有,248.0,0.3333333333333333,中楼层,甘家口,海淀,简装,,,,无,485.0,451.61349098762116,0.06883816291212132
16,,,,商品房,70.0,集中供暖,1.0,1.0,1.0,1.0,1.0,1.0,志强园,1993.0,板楼,混合结构,41.1,6.0,平层,满五年,普通住宅,非共有,134.0,0.5,顶层,小西天,海淀,精装,,,,无,309.0,343.5756692549213,0.1118953697570269
17,,,,商品房,70.0,集中供暖,,,1.0,1.0,1.0,1.0,增光佳苑,2005.0,塔楼,钢混结构,88.76,10.0,平层,满五年,普通住宅,非共有,381.0,0.25,中楼层,甘家口,海淀,简装,1.0,,,有,770.0,846.290724570543,0.09907886307862732
18,,,,商品房,70.0,集中供暖,,1.0,1.0,1.0,1.0,1.0,车道沟10号院,1986.0,板楼,混合结构,41.8,5.0,平层,满五年,普通住宅,非共有,349.0,0.3333333333333333,中楼层,紫竹桥,海淀,简装,,,,无,460.0,503.95068908805047,0.09554497627837058
19,,,,商品房,70.0,集中供暖,1.0,1.0,1.0,1.0,1.0,3.0,科源小区,1970.0,板楼,混合结构,71.65,4.0,平层,满五年,普通住宅,非共有,278.0,0.5,中楼层,五道口,海淀,简装,,,,无,752.0,710.4365268898642,0.05527057594432947
20,1.0,,,商品房,70.0,集中供暖,,,1.0,1.0,1.0,1.0,建西苑北里,1993.7698001480385,板塔结合,钢混结构,70.35,14.0,平层,满五年,普通住宅,非共有,88.0,0.25,中楼层,杨庄,海淀,其他,,,,有,418.0,294.23347274887897,0.29609217045722735
21,,,,商品房,70.0,自供暖,1.0,1.0,1.0,1.0,1.0,2.0,科委宿舍,1986.0,板楼,混合结构,72.9,6.0,平层,满五年,普通住宅,非共有,208.0,0.5,中楼层,定慧寺,海淀,其他,,,,无,790.0,751.9817915525455,0.048124314490448766
22,,,,商品房,70.0,集中供暖,,1.0,1.0,1.0,1.0,2.0,建设研究院,1980.0,板楼,混合结构,52.5,6.0,平层,满五年,普通住宅,非共有,357.0,0.3333333333333333,高楼层,五棵松,海淀,简装,,,,无,472.5,447.53922667992174,0.052827033481647113
23,,,,商品房,70.0,集中供暖,,1.0,1.0,1.0,1.0,1.0,厂洼街3号院,2000.0,板楼,混合结构,45.2,6.0,平层,满五年,普通住宅,非共有,50.0,0.3333333333333333,高楼层,厂洼,海淀,精装,,,,无,413.0,495.29035108865673,0.19925024476672332
24,,,1.0,商品房,70.0,集中供暖,,,1.0,1.0,1.0,2.0,清润家园,2010.0,塔楼,钢混结构,78.32,17.0,平层,满五年,普通住宅,非共有,312.0,0.2,高楼层,清河,海淀,精装,,,,有,576.0,554.4925418230389,0.0373393371127797
25,,,,商品房,70.0,集中供暖,,1.0,1.0,1.0,1.0,1.0,明光村小区,1988.0,板楼,砖混结构,36.6,5.0,平层,满五年,普通住宅,共有,318.0,0.3333333333333333,中楼层,西直门,海淀,简装,,,,无,360.0,354.2841705930805,0.015877303908109753
26,,,,商品房,70.0,集中供暖,,1.0,1.0,2.0,1.0,2.0,富力桃园C区,2009.0,板塔结合,钢混结构,90.7,21.0,平层,满五年,普通住宅,非共有,367.0,0.5,高楼层,西三旗,海淀,精装,,,,有,580.0,590.9252506987515,0.01883663913577842
27,,,,商品房,70.0,自供暖,1.0,1.0,2.0,2.0,1.0,3.0,玉阜嘉园,2002.0,板楼,钢混结构,149.15,11.0,平层,满五年,普通住宅,非共有,340.0,0.5,低楼层,玉泉路,海淀,其他,,,,有,1095.0,1057.019699159021,0.0346852062474694
28,,,,商品房,70.0,集中供暖,1.0,1.0,1.0,1.0,1.0,2.0,皂君东里,1988.0,板楼,混合结构,64.5,6.0,平层,满五年,普通住宅,非共有,194.0,0.3333333333333333,底层,皂君庙,海淀,精装,,,,无,540.0,571.1440938743941,0.05767424791554466
29,1.0,,,限价商品房,70.0,集中供暖,1.0,1.0,2.0,1.0,1.0,3.0,金隅美和园,2008.0,板楼,钢混结构,88.65,9.0,平层,满五年,普通住宅,非共有,50.0,0.3333333333333333,高楼层,清河,海淀,其他,,,,有,590.0,630.1870078391413,0.06811357260871408
30,1.0,,,商品房,70.0,集中供暖,1.0,,1.0,1.0,1.0,2.0,双榆树东里,1985.0,塔楼,钢混结构,55.8,16.0,平层,满五年,普通住宅,非共有,348.0,0.2222222222222222,低楼层,双榆树,海淀,精装,,,,有,576.0,547.8931780912067,0.04879656581387732
31,1.0,,,私产,70.0,集中供暖,,,1.0,1.0,1.0,1.0,鑫雅苑,2000.0,塔楼,钢混结构,66.77,20.0,平层,满五年,普通住宅,非共有,256.0,0.2222222222222222,中楼层,皂君庙,海淀,简装,,,,有,530.0,551.1934394787279,0.03998762165797716
32,,,1.0,商品房,70.0,集中供暖,,,1.0,1.0,1.0,3.0,恩济庄46号院,1995.0,塔楼,钢混结构,92.07,14.0,平层,满五年,普通住宅,非共有,103.0,0.2,中楼层,定慧寺,海淀,其他,,,,有,621.0,665.6933021263764,0.07196989070269944
33,,,,商品房,70.0,集中供暖,,1.0,1.0,1.0,1.0,2.0,翠微北里,1989.0,塔楼,钢混结构,51.8,24.0,平层,满五年,普通住宅,非共有,267.0,0.25,中楼层,公主坟,海淀,简装,,,,有,492.0,504.7890976873406,0.025994100990529647
34,,,,商品房,70.0,集中供暖,,1.0,1.0,1.0,1.0,1.0,玉泉路16号院,1995.0,板楼,混合结构,45.3,6.0,平层,满五年,普通住宅,非共有,356.0,0.3333333333333333,中楼层,玉泉路,海淀,简装,,,,无,366.0,288.85866558688053,0.21076867325988924
35,1.0,,,商品房,70.0,集中供暖,,,1.0,1.0,1.0,1.0,乔建里,1980.0,板楼,混合结构,41.0,6.0,平层,满五年,普通住宅,非共有,146.0,0.3333333333333333,低楼层,军博,海淀,精装,,,,无,301.0,282.8940038418351,0.06015281115669397
36,,,,商品房,70.0,集中供暖,,,1.0,1.0,1.0,2.0,清河饮食服务楼,1987.0,板楼,混合结构,50.4,6.0,平层,满两年,普通住宅,共有,90.0,0.3333333333333333,高楼层,清河,海淀,其他,,1.0,,无,298.0,257.67409902181316,0.13532181536304308
37,,,,商品房,70.0,集中供暖,,,1.0,1.0,1.0,1.0,润生园,2008.0,板楼,钢混结构,60.35,18.0,平层,满五年,普通住宅,共有,105.0,1.0,底层,西三旗,海淀,其他,,1.0,,有,335.0,259.1394481041033,0.22644940864446783
38,,,,商品房,70.0,自供暖,1.0,1.0,1.0,1.0,1.0,2.0,门头馨村,2008.0,板楼,混合结构,89.99,4.0,平层,满两年,普通住宅,非共有,385.0,0.5,底层,西山,海淀,简装,,,,无,564.0,441.3928164553719,0.21738862330607825
39,,,,商品房,70.0,集中供暖,1.0,1.0,1.0,1.0,1.0,3.0,双榆树东里,1985.0,板楼,混合结构,70.1,6.0,平层,满两年,普通住宅,非共有,333.0,0.3333333333333333,低楼层,双榆树,海淀,精装,,,,无,739.8,675.2153270704245,0.0873001796831245
40,1.0,,,商品房,70.0,集中供暖,,,1.0,1.0,1.0,2.0,玉海园二里,1999.0,板塔结合,钢混结构,78.0,11.0,平层,满五年,普通住宅,非共有,321.0,0.25,中楼层,玉泉路,海淀,简装,,,,有,595.0,508.6766056925442,0.145081334970514
41,,,,商品房,70.0,集中供暖,,,1.0,1.0,1.0,2.0,阳春光华家园,2000.0,塔楼,钢混结构,87.46,16.0,平层,满五年,普通住宅,非共有,160.0,0.25,中楼层,万柳,海淀,其他,,,1.0,有,1100.0,1034.9695820455872,0.05911856177673888
42,1.0,,,私产,70.0,集中供暖,1.0,1.0,2.0,2.0,1.0,3.0,天兆家园,2002.0,板楼,钢混结构,169.23,22.0,平层,满五年,普通住宅,非共有,131.0,1.0,低楼层,西直门,海淀,精装,,,,有,1660.0,1621.3342851978678,0.023292599278392917
43,,,,已购公房,70.0,集中供暖,,1.0,1.0,1.0,1.0,1.0,大柳树甲17号院,1988.0,板楼,砖混结构,38.4,5.0,平层,满五年,普通住宅,非共有,103.0,0.3333333333333333,中楼层,白石桥,海淀,简装,,,,无,332.8,395.68078484662715,0.18894466600549017
44,,,,商品房,70.0,集中供暖,1.0,1.0,1.0,1.0,1.0,2.0,永泰庄6号院,1991.0,板楼,混合结构,57.48,6.0,平层,满五年,普通住宅,共有,233.0,0.5,中楼层,清河,海淀,简装,,,,无,396.0,417.5373703235871,0.05438729879693708
45,,,,已购公房,70.0,集中供暖,1.0,1.0,1.0,1.0,1.0,2.0,菊园,1994.0,板楼,混合结构,62.5,6.0,平层,满五年,普通住宅,非共有,288.0,0.5,中楼层,马连洼,海淀,简装,,,,无,438.0,414.15457162202756,0.054441617301306935
46,,,,商品房,70.0,集中供暖,,1.0,1.0,1.0,1.0,2.0,明光村小区,1983.0,塔楼,钢混结构,60.2,18.0,平层,满两年,普通住宅,非共有,261.0,0.3333333333333333,中楼层,西直门,海淀,精装,,,,有,520.0,483.59382300195193,0.07001187884240014
47,,,,商品房,70.0,集中供暖,,1.0,1.0,1.0,1.0,2.0,西三环北路23号院,1988.0,板楼,混合结构,54.5,6.0,平层,满五年,普通住宅,非共有,279.0,0.3333333333333333,中楼层,厂洼,海淀,精装,,,,无,500.0,510.9527400116608,0.021905480023321617
48,,,,商品房,70.0,集中供暖,1.0,1.0,1.0,1.0,1.0,2.0,农林科学院宿舍,1980.0,板楼,混合结构,56.8,4.0,平层,满两年,普通住宅,非共有,115.0,0.5,顶层,四季青,海淀,简装,,,,无,475.0,458.1349663307392,0.03550533404054908
49,,,,央产房,70.0,集中供暖,,1.0,1.0,1.0,1.0,2.0,核二院,1990.0,板楼,混合结构,69.9,5.0,平层,满两年,普通住宅,非共有,327.0,0.3333333333333333,中楼层,定慧寺,海淀,简装,,,,无,690.0,633.9841479469455,0.08118239427978907
50,,,1.0,商品房,70.0,集中供暖,,,2.0,2.0,1.0,3.0,人济山庄,2003.0,塔楼,钢混结构,171.6,26.0,平层,满五年,普通住宅,非共有,131.0,0.3333333333333333,中楼层,紫竹桥,海淀,精装,,,,有,1550.0,1506.872758961525,0.027824026476435452
51,,,,已购公房,70.0,集中供暖,,1.0,1.0,1.0,1.0,2.0,玉泉路16号院,1985.0,板楼,混合结构,50.2,5.0,平层,满五年,普通住宅,非共有,51.0,0.3333333333333333,顶层,玉泉路,海淀,简装,,,,无,348.0,283.7892022839684,0.18451378654032072
52,,,,商品房,70.0,集中供暖,,,1.0,1.0,1.0,4.0,都景苑,2001.0,塔楼,钢混结构,106.99,24.0,平层,满五年,普通住宅,非共有,298.0,0.375,低楼层,牡丹园,海淀,简装,,1.0,,有,717.0,806.0473242121144,0.1241943154980675
53,,,,商品房,70.0,集中供暖,,,1.0,1.0,1.0,2.0,瑞新里小区,2007.0,板楼,钢混结构,70.08,7.0,平层,满五年,普通住宅,非共有,349.0,0.5,顶层,定慧寺,海淀,精装,,1.0,,有,710.0,632.4035199370002,0.10929081699014061
54,,,,商品房,70.0,集中供暖,1.0,1.0,1.0,1.0,1.0,1.0,小南庄甲26号院,1996.0,板楼,钢混结构,42.18,6.0,平层,满五年,普通住宅,非共有,142.0,0.5,低楼层,苏州桥,海淀,简装,,,,无,411.0,414.2964396877936,0.00802053452017913
55,,,,商品房,70.0,集中供暖,,1.0,1.0,1.0,1.0,1.0,农林科学院宿舍,1992.0,板楼,混合结构,43.9,4.0,平层,满五年,普通住宅,非共有,149.0,0.3333333333333333,中楼层,四季青,海淀,简装,,,,无,395.0,406.96687433153784,0.030295884383640097
56,1.0,,,商品房,70.0,集中供暖,,,1.0,1.0,1.0,2.0,厂洼西街10号院,1998.0,板楼,混合结构,80.4,6.0,平层,满五年,普通住宅,非共有,86.0,0.5,底层,厂洼,海淀,其他,1.0,,,无,673.0,632.5836861738156,0.06005395813697528
57,,,,商品房,70.0,集中供暖,,1.0,1.0,1.0,1.0,1.0,翠微北里,1983.0,板楼,混合结构,41.2,6.0,平层,满五年,普通住宅,非共有,96.0,0.3333333333333333,高楼层,公主坟,海淀,精装,,,,无,388.0,389.25695316546864,0.003239570014094444
58,,,,商品房,70.0,集中供暖,1.0,1.0,1.0,1.0,1.0,2.0,陶瓷厂宿舍,1987.0,板楼,混合结构,56.9,5.0,平层,满五年,普通住宅,非共有,399.0,0.3333333333333333,底层,安宁庄,海淀,精装,,,,无,325.0,449.8833759814636,0.3842565414814264
59,,,,商品房,70.0,集中供暖,1.0,1.0,1.0,1.0,1.0,2.0,永定路17号院,1994.0,板楼,混合结构,58.3,6.0,平层,满五年,普通住宅,非共有,317.0,0.5,高楼层,五棵松,海淀,简装,,,,无,398.0,430.05254556599334,0.0805340340854104
60,,,,已购公房,70.0,集中供暖,1.0,1.0,1.0,1.0,1.0,3.0,北无宿舍,1985.0,板楼,混合结构,68.22,6.0,平层,满五年,普通住宅,非共有,109.0,0.5,高楼层,紫竹桥,海淀,简装,,,,无,588.0,665.8473663412271,0.132393480172155
61,,,,私产,70.0,集中供暖,1.0,1.0,1.0,1.0,1.0,2.0,枫润家园,2004.0,板楼,钢混结构,93.65,6.0,平层,满五年,普通住宅,非共有,133.0,0.5,高楼层,上地,海淀,其他,,,,有,817.0,627.7581623292696,0.2316301562677239
62,1.0,,,商品房,70.0,集中供暖,,1.0,1.0,1.0,1.0,3.0,乔建里,1990.0,板楼,混合结构,72.8,6.0,平层,满五年,普通住宅,非共有,145.0,0.3333333333333333,中楼层,军博,海淀,简装,,,,无,500.0,573.9117227832942,0.14782344556658836
63,,,,商品房,70.0,集中供暖,,1.0,1.0,1.0,1.0,2.0,建材城东二里,2000.0,塔楼,钢混结构,68.79,22.0,平层,满五年,普通住宅,非共有,383.0,0.2,中楼层,西三旗,海淀,精装,1.0,,,有,408.0,418.41299795624025,0.02552205381431433
64,,,,商品房,70.0,自供暖,1.0,1.0,2.0,2.0,1.0,3.0,怡美家园,2001.0,板楼,钢混结构,142.22,9.0,平层,满两年,普通住宅,非共有,304.0,0.5,底层,上地,海淀,简装,,,,有,1053.0,968.4153770870507,0.08032727722027472
65,,,,商品房,70.0,集中供暖,,1.0,1.0,1.0,1.0,2.0,青云南区,1962.0,板楼,混合结构,72.7,5.0,平层,满五年,普通住宅,非共有,329.0,0.3333333333333333,中楼层,皂君庙,海淀,简装,,,,无,468.0,530.7681522624208,0.13411998346671114
66,,,1.0,商品房,70.0,集中供暖,,,1.0,1.0,1.0,2.0,铁道部宿舍,1998.0,板塔结合,钢混结构,76.84,14.0,平层,满五年,普通住宅,非共有,147.0,0.18181818181818182,高楼层,西直门,海淀,简装,,,,有,601.0,593.6070670021259,0.012301053241055142
67,,,,商品房,70.0,集中供暖,,1.0,1.0,1.0,1.0,2.0,复兴路63号,1990.0,板楼,钢混结构,56.7,9.0,平层,满五年,普通住宅,非共有,298.0,0.6666666666666666,顶层,万寿路,海淀,其他,,,,有,585.0,492.1655726024493,0.15869132888470208
68,,,,商品房,70.0,集中供暖,,1.0,1.0,1.0,1.0,2.0,加气混凝土厂宿舍,1984.0,板楼,混合结构,52.7,5.0,平层,满五年,普通住宅,非共有,55.0,0.3333333333333333,底层,清河,海淀,精装,,,,无,435.0,347.4489676814368,0.20126674096221428
69,,,,商品房,70.0,集中供暖,,1.0,1.0,,1.0,1.0,中湾国际,2007.0,塔楼,钢混结构,42.4,19.0,平层,满五年,公寓,非共有,182.0,0.17647058823529413,中楼层,苏州桥,海淀,精装,,,,有,390.0,396.83776796164034,0.017532738363180356
70,,,,商品房,70.0,集中供暖,1.0,1.0,2.0,2.0,1.0,2.0,观山园,2004.0,板楼,钢混结构,122.04,11.0,平层,满两年,普通住宅,非共有,240.0,1.0,顶层,世纪城,海淀,简装,,,,有,1385.0,1553.5146576349898,0.12167123294945113
71,,,1.0,已购公房,70.0,集中供暖,,,1.0,1.0,1.0,2.0,乔建里,1990.0,板塔结合,钢混结构,59.2,20.0,平层,满五年,普通住宅,非共有,36.0,0.5,底层,军博,海淀,精装,,,,有,444.0,438.34556858774295,0.012735205883461833
72,,,,商品房,70.0,集中供暖,,1.0,1.0,1.0,1.0,1.0,双榆树北路6号院,1988.0,板楼,混合结构,42.5,6.0,平层,满五年,普通住宅,非共有,112.0,0.3333333333333333,低楼层,双榆树,海淀,简装,,,,无,400.0,386.13485084477816,0.034662872888054606
73,,,,商品房,70.0,集中供暖,1.0,1.0,1.0,1.0,1.0,2.0,甘家口小区,1996.0,板楼,混合结构,61.4,6.0,平层,满五年,普通住宅,非共有,389.0,0.5,低楼层,甘家口,海淀,简装,,,,无,650.0,572.6743697512331,0.11896250807502594
74,,,,已购公房,70.0,集中供暖,,,1.0,1.0,1.0,1.0,德胜门西大街甲5号,1998.0,塔楼,钢混结构,53.4,12.0,平层,满五年,普通住宅,非共有,114.0,0.2,中楼层,新街口,海淀,其他,1.0,,,有,408.0,426.79233971055464,0.0460596561533202
75,1.0,,,商品房,70.0,集中供暖,1.0,,1.0,1.0,1.0,2.0,田村40号院,1982.0,板楼,混合结构,58.1,6.0,平层,满两年,普通住宅,共有,247.0,0.5,底层,田村,海淀,精装,1.0,,,无,385.0,390.0199426754998,0.013038812144155339
76,,,,私产,70.0,集中供暖,1.0,1.0,2.0,2.0,1.0,3.0,清枫华景园,2005.0,板楼,钢混结构,141.68,7.0,平层,满五年,普通住宅,共有,157.0,0.5,中楼层,学院路,海淀,精装,,,,有,1100.0,1094.3515030764333,0.005134997203242413
77,,,,商品房,70.0,集中供暖,,1.0,1.0,1.0,1.0,1.0,翠微北里,1989.0,塔楼,钢混结构,48.0,24.0,平层,满两年,普通住宅,非共有,137.0,0.25,低楼层,公主坟,海淀,其他,,,,有,411.0,432.41531674124633,0.05210539353101296
78,,,,商品房,70.0,集中供暖,1.0,1.0,1.0,1.0,1.0,2.0,水科院,2001.0,板楼,混合结构,70.54,6.0,平层,满五年,普通住宅,非共有,221.0,0.5,高楼层,军博,海淀,其他,,,,无,740.0,648.7890996750534,0.12325797341208997
79,,,,商品房,70.0,集中供暖,,1.0,1.0,1.0,1.0,1.0,乔建里,1989.0,板楼,混合结构,41.1,6.0,平层,满五年,普通住宅,非共有,104.0,0.2,顶层,军博,海淀,简装,,,,无,300.0,294.0114590718531,0.019961803093823012
80,,,,商品房,70.0,集中供暖,1.0,1.0,2.0,2.0,1.0,3.0,上第MOMA,2008.0,板塔结合,钢混结构,144.53,9.0,平层,满两年,普通住宅,非共有,238.0,0.5,中楼层,上地,海淀,精装,,,,有,900.0,919.354991931055,0.021505546590061108
81,,,,商品房,70.0,集中供暖,1.0,1.0,1.0,1.0,1.0,2.0,农林科学院宿舍,1991.0,板楼,混合结构,65.3,4.0,平层,满五年,普通住宅,非共有,274.0,0.3333333333333333,顶层,四季青,海淀,简装,,,,无,540.0,562.033891402863,0.04080350259789443
82,,,,商品房,70.0,集中供暖,1.0,1.0,1.0,2.0,1.0,2.0,林大北路10号院,1997.0,板楼,混合结构,72.7,6.0,平层,满五年,普通住宅,共有,151.0,0.5,低楼层,学院路,海淀,简装,,,,无,573.0,598.7278994875135,0.04490034814574776
83,,,,商品房,70.0,集中供暖,,,1.0,1.0,1.0,1.0,月季园,1997.0,塔楼,钢混结构,44.78,21.0,平层,满五年,普通住宅,非共有,292.0,0.2222222222222222,高楼层,马甸,海淀,简装,1.0,,,有,333.0,351.0527026865884,0.0542123203801454
84,,,,商品房,70.0,集中供暖,1.0,1.0,1.0,1.0,1.0,2.0,科育小区,1960.0,板楼,混合结构,67.2,4.0,平层,满五年,普通住宅,非共有,385.0,0.3333333333333333,中楼层,中关村,海淀,精装,,,,无,735.0,769.3677824334659,0.046758887664579446
85,,,,商品房,70.0,集中供暖,1.0,1.0,1.0,1.0,1.0,2.0,万寿路西街11号院,1987.0,板楼,混合结构,52.85,6.0,平层,满两年,普通住宅,共有,281.0,0.3333333333333333,低楼层,万寿路,海淀,其他,,,,无,578.0,595.9330132802594,0.03102597453332074
86,,,,商品房,70.0,集中供暖,,1.0,1.0,1.0,1.0,2.0,塔院小区,1989.0,板楼,混合结构,57.5,6.0,平层,满五年,普通住宅,非共有,299.0,0.3333333333333333,底层,牡丹园,海淀,精装,,,,无,560.0,527.2313090350468,0.05851551958027353
87,,,,商品房,70.0,集中供暖,,1.0,1.0,1.0,1.0,2.0,梅园,1995.0,板楼,混合结构,57.91,6.0,平层,满五年,普通住宅,非共有,214.0,0.3333333333333333,高楼层,马连洼,海淀,简装,,,,无,381.0,398.21712758140256,0.045189311237277076
88,,,,央产房,70.0,集中供暖,1.0,1.0,1.0,1.0,1.0,3.0,塔院小区,1990.0,塔楼,钢混结构,87.8,18.0,平层,满五年,普通住宅,共有,376.0,0.2857142857142857,中楼层,牡丹园,海淀,毛坯,,,,有,880.0,787.3552132430801,0.10527816676922712
89,,,,商品房,70.0,集中供暖,1.0,1.0,1.0,1.0,1.0,2.0,厂洼街7号院,1998.0,板楼,混合结构,73.05,6.0,平层,满五年,普通住宅,非共有,314.0,0.5,底层,厂洼,海淀,精装,,,,无,710.0,677.2722445265924,0.04609543024423601
90,,,,商品房,70.0,自供暖,1.0,1.0,4.0,3.0,1.0,6.0,颐安嘉园,2000.0,板楼,混合结构,208.0,7.0,跃层,满五年,普通住宅,非共有,149.0,0.5,高楼层,紫竹桥,海淀,精装,,,,有,2250.0,1586.3512084822487,0.2949550184523339
91,,,,商品房,70.0,集中供暖,,,1.0,1.0,1.0,1.0,甘家口小区,1995.0,板塔结合,钢混结构,43.0,12.0,平层,满五年,普通住宅,非共有,262.0,0.2,中楼层,甘家口,海淀,其他,,,1.0,有,335.0,348.9077104984651,0.04151555372676156
92,,,,央产房,70.0,集中供暖,1.0,1.0,1.0,1.0,1.0,2.0,核二院,1986.0,板楼,混合结构,59.9,6.0,平层,满五年,普通住宅,非共有,115.0,0.3333333333333333,顶层,定慧寺,海淀,其他,,,,无,552.0,544.6712687707657,0.013276687009482492
93,,,,商品房,70.0,集中供暖,1.0,1.0,1.0,1.0,1.0,2.0,菊园,1995.0,板楼,混合结构,63.29,6.0,平层,满五年,普通住宅,非共有,338.0,0.5,底层,马连洼,海淀,简装,,,,无,440.0,424.27330126814707,0.03574249711784758
94,,,,商品房,70.0,集中供暖,,1.0,1.0,1.0,1.0,1.0,百旺家苑,2003.0,板楼,钢混结构,60.46,9.0,平层,满五年,普通住宅,非共有,157.0,0.25,中楼层,马连洼,海淀,精装,,,,有,461.0,421.0734926628429,0.08660847578559022
95,,,,商品房,70.0,自供暖,1.0,1.0,3.0,2.0,1.0,5.0,香溪度,2009.0,板楼,钢混结构,226.88,9.0,平层,满五年,普通住宅,非共有,362.0,0.5,低楼层,田村,海淀,其他,,,,有,1815.0,1667.3817949176764,0.08133234439797443
96,,,,商品房,70.0,集中供暖,,,1.0,1.0,1.0,3.0,学院南路32号院,1990.0,塔楼,钢混结构,80.7,16.0,平层,满五年,普通住宅,非共有,343.0,0.2857142857142857,高楼层,小西天,海淀,精装,,1.0,,有,698.0,633.537461098073,0.09235320759588399
97,,,,商品房,70.0,集中供暖,1.0,,1.0,1.0,1.0,2.0,复兴路乙6号院,1986.0,塔楼,钢混结构,64.8,16.0,平层,满五年,普通住宅,非共有,168.0,0.2222222222222222,高楼层,军博,海淀,简装,1.0,,,有,480.0,537.4494499289002,0.1196863540185421
98,,1.0,,商品房,70.0,集中供暖,,,1.0,1.0,1.0,2.0,德胜门西大街甲5号,1986.0,塔楼,钢混结构,62.7,16.0,平层,满五年,普通住宅,非共有,155.0,0.2857142857142857,高楼层,新街口,海淀,简装,,,,有,500.0,490.1860455479599,0.019627908904080185
99,1.0,,,商品房,70.0,集中供暖,,,1.0,1.0,1.0,2.0,田村40号院,1982.0,板楼,混合结构,62.1,6.0,平层,满五年,普通住宅,非共有,362.0,0.5,高楼层,田村,海淀,精装,,1.0,,无,355.5,377.85908508263503,0.06289475410023919
100,,,,商品房,70.0,集中供暖,1.0,1.0,1.0,1.0,1.0,2.0,百草园,2002.0,板楼,混合结构,92.15,6.0,平层,满两年,普通住宅,非共有,207.0,0.3333333333333333,高楼层,西北旺,海淀,精装,,,,无,620.0,589.5514240754159,0.04911060632997441
101,,,,商品房,70.0,集中供暖,,1.0,1.0,1.0,1.0,1.0,索家坟20号院,1990.0,板楼,混合结构,39.76,6.0,平层,满五年,普通住宅,非共有,141.0,0.25,中楼层,新街口,海淀,精装,,,,无,310.0,329.86165731231733,0.06406986229779785
102,,,,商品房,70.0,集中供暖,,1.0,1.0,1.0,1.0,1.0,金隅美和园,2008.0,板楼,钢混结构,65.67,9.0,平层,满五年,普通住宅,非共有,221.0,0.3333333333333333,低楼层,清河,海淀,精装,,,,有,457.8,398.36535436773784,0.12982666149467492
103,,,,已购公房,70.0,集中供暖,,,1.0,1.0,1.0,2.0,汇福轩,1999.0,塔楼,钢混结构,118.33,18.0,平层,满五年,普通住宅,非共有,126.0,0.2,中楼层,白石桥,海淀,毛坯,,,1.0,有,1016.0,875.3975174442006,0.138388270232086
104,,,,商品房,70.0,集中供暖,,1.0,1.0,,1.0,1.0,蜂鸟家园,2004.0,板楼,钢混结构,47.99,14.0,平层,满五年,普通住宅,非共有,279.0,0.25,底层,万柳,海淀,精装,,,,有,642.0,671.8115946944539,0.04643550575460109
105,,,,商品房,70.0,集中供暖,1.0,1.0,1.0,1.0,1.0,2.0,后屯路32号院,1996.0,板楼,混合结构,73.32,6.0,平层,满两年,普通住宅,非共有,270.0,0.5,中楼层,清河,海淀,简装,,,,无,443.0,447.70217227179523,0.01061438436071159
106,,,,限价商品房,70.0,集中供暖,1.0,1.0,1.0,2.0,1.0,3.0,金隅美和园,2008.0,板楼,钢混结构,82.49,9.0,平层,满五年,普通住宅,非共有,261.0,0.3333333333333333,低楼层,清河,海淀,简装,,,,有,565.0,587.9876983210584,0.04068619171868736
107,,,,商品房,70.0,集中供暖,,1.0,1.0,1.0,1.0,1.0,塔院小区,1989.0,板楼,混合结构,40.29,6.0,平层,满五年,普通住宅,非共有,332.0,0.3333333333333333,顶层,牡丹园,海淀,精装,,,,无,337.0,372.98614372650707,0.10678380927746904
108,,,,商品房,70.0,集中供暖,1.0,1.0,1.0,1.0,1.0,2.0,龙翔路小区,1992.0,板楼,混合结构,57.1,6.0,平层,满五年,普通住宅,非共有,373.0,0.5,底层,牡丹园,海淀,简装,1.0,,,无,275.0,542.7767036509636,0.9737334678216857
109,,,,商品房,70.0,集中供暖,1.0,1.0,1.0,1.0,1.0,2.0,建材城西一里,1989.0,板楼,混合结构,58.5,5.0,平层,满五年,普通住宅,共有,345.0,0.5,中楼层,西三旗,海淀,精装,,,,无,372.0,383.66769989458646,0.03136478466286684
110,,,,商品房,70.0,集中供暖,1.0,1.0,1.0,1.0,1.0,2.0,清华东路27号院,1995.0,板楼,混合结构,71.52,6.0,平层,满五年,普通住宅,非共有,317.0,0.5,高楼层,学院路,海淀,简装,,,,无,559.0,567.5097500738024,0.015223166500540904
111,,,,商品房,70.0,集中供暖,,,2.0,2.0,1.0,3.0,国兴家园,2000.0,塔楼,钢混结构,149.12,24.0,平层,满五年,普通住宅,非共有,171.0,0.375,高楼层,甘家口,海淀,精装,,,1.0,有,1530.0,1594.3769641962817,0.042076447187112245
112,,,,已购公房,70.0,集中供暖,1.0,1.0,1.0,1.0,1.0,2.0,双榆树北路6号院,1989.0,板楼,混合结构,55.8,6.0,平层,满五年,普通住宅,非共有,223.0,0.3333333333333333,中楼层,双榆树,海淀,简装,,,,无,510.0,514.1095142251444,0.008057871029694864
113,,,,商品房,70.0,集中供暖,,,1.0,1.0,1.0,2.0,甘家口小区,1984.0,板楼,混合结构,54.2,6.0,平层,满五年,普通住宅,非共有,262.0,0.25,中楼层,甘家口,海淀,简装,,,1.0,无,485.0,442.37490286269497,0.0878867982212475
114,,,,商品房,70.0,集中供暖,,1.0,1.0,1.0,1.0,2.0,科育小区,1980.0,板楼,混合结构,51.4,5.0,平层,满五年,普通住宅,非共有,390.0,0.3333333333333333,中楼层,中关村,海淀,简装,,,,无,700.0,714.5326210632621,0.02076088723323161
115,,,,商品房,70.0,集中供暖,1.0,1.0,1.0,1.0,1.0,3.0,圆明园西路2号院,1995.0,板楼,混合结构,76.3,6.0,平层,满五年,普通住宅,非共有,385.0,0.3333333333333333,中楼层,马连洼,海淀,精装,,,,无,628.0,580.4666157224652,0.07569010235276237
116,,,,央产房,70.0,集中供暖,1.0,1.0,2.0,1.0,1.0,3.0,核二院,1995.0,板楼,混合结构,87.3,7.0,平层,满五年,普通住宅,非共有,171.0,0.5,高楼层,定慧寺,海淀,精装,,,,无,863.0,839.7928451751362,0.026891257039239603
117,,,,商品房,70.0,集中供暖,1.0,1.0,1.0,1.0,1.0,2.0,学院南路32号院,1978.0,板楼,混合结构,62.5,6.0,平层,满五年,普通住宅,非共有,110.0,0.3333333333333333,顶层,小西天,海淀,其他,,,,无,428.0,461.88075785610215,0.07916064919650036
118,,,,商品房,70.0,集中供暖,,1.0,1.0,1.0,1.0,2.0,羊坊店东路5号院,1982.0,板楼,混合结构,62.1,6.0,平层,满五年,普通住宅,非共有,218.0,0.3333333333333333,顶层,军博,海淀,简装,,,,无,410.0,519.5562217514696,0.26721029695480386
119,,,,商品房,70.0,集中供暖,1.0,,1.0,1.0,1.0,1.0,海云轩,2000.0,板塔结合,钢混结构,93.92,22.0,平层,满五年,普通住宅,非共有,352.0,0.4,顶层,西直门,海淀,简装,,,,有,618.0,505.4502855294776,0.18211927907851524
120,,,,已购公房,70.0,集中供暖,,1.0,1.0,1.0,1.0,2.0,师大北路21号院,1999.0,板塔结合,钢混结构,82.63,16.0,平层,满五年,普通住宅,非共有,151.0,0.21052631578947367,低楼层,小西天,海淀,简装,,,,有,780.0,741.9795140113565,0.04874421280595319
121,1.0,,,已购公房,70.0,集中供暖,1.0,,1.0,1.0,1.0,3.0,北洼东里,1998.0,塔楼,钢混结构,85.47,18.0,平层,满五年,普通住宅,非共有,399.0,0.2222222222222222,高楼层,紫竹桥,海淀,简装,1.0,,,有,650.0,719.451031653572,0.10684774100549545
122,,,,私产,70.0,集中供暖,1.0,1.0,1.0,1.0,1.0,2.0,天兆家园,2003.0,板塔结合,钢混结构,125.25,22.0,平层,满五年,普通住宅,非共有,235.0,0.5,高楼层,西直门,海淀,其他,,,,有,1195.0,1241.7922765870007,0.03915671680920564
123,,,,商品房,70.0,集中供暖,,1.0,1.0,1.0,1.0,2.0,友谊社区,1992.0,板楼,钢混结构,61.54,14.0,平层,满五年,普通住宅,非共有,149.0,0.5,高楼层,苏州桥,海淀,精装,,,,有,490.0,556.9370449156015,0.13660621411347248
124,,1.0,,商品房,70.0,集中供暖,,,1.0,1.0,1.0,1.0,文慧园15号16公寓,2004.0,塔楼,钢混结构,52.85,22.0,平层,满五年,普通住宅,非共有,236.0,0.26666666666666666,中楼层,新街口,海淀,精装,,,,有,375.0,474.16562125698033,0.26444165668528086
125,1.0,,,商品房,70.0,集中供暖,,,1.0,1.0,1.0,2.0,皂君东里,1988.0,塔楼,钢混结构,68.34,16.0,平层,满两年,普通住宅,非共有,241.0,0.25,高楼层,皂君庙,海淀,简装,,1.0,,有,598.0,516.4372108244612,0.13639262403936253
126,,,,商品房,70.0,集中供暖,,1.0,1.0,1.0,1.0,1.0,机械研究院东区,1982.0,板楼,混合结构,33.83,6.0,平层,满五年,普通住宅,非共有,184.0,0.3333333333333333,底层,甘家口,海淀,简装,,,,无,337.0,349.1378889007334,0.03601747448288843
127,,,,私产,70.0,自供暖,1.0,1.0,2.0,2.0,1.0,3.0,万科西山庭院,2005.0,板楼,钢混结构,145.87,5.0,平层,满五年,普通住宅,非共有,129.0,0.5,顶层,马连洼,海淀,精装,,,,无,1415.0,1594.2716487479813,0.12669374469822
128,,,,商品房,70.0,集中供暖,,1.0,1.0,1.0,1.0,1.0,蓟门东里,1986.0,塔楼,钢混结构,45.6,16.0,平层,满五年,普通住宅,非共有,358.0,0.25,中楼层,知春路,海淀,精装,,,,有,368.0,411.79363584700855,0.11900444523643626
129,1.0,,,商品房,70.0,集中供暖,1.0,1.0,1.0,1.0,1.0,3.0,加气混凝土厂宿舍,1981.0,板楼,混合结构,60.0,5.0,平层,满五年,普通住宅,非共有,371.0,0.3333333333333333,中楼层,清河,海淀,简装,,,,无,380.0,435.22537155869816,0.14532992515446883
130,,,1.0,商品房,70.0,集中供暖,,,1.0,1.0,1.0,2.0,清缘东里,2004.0,塔楼,钢混结构,80.19,13.0,平层,满五年,普通住宅,非共有,282.0,0.2,中楼层,清河,海淀,简装,,,,有,553.0,562.1442832621069,0.01653577443418971
131,,,,商品房,70.0,集中供暖,1.0,1.0,2.0,2.0,1.0,3.0,博雅德园,2005.0,板楼,钢混结构,133.02,10.0,平层,满五年,普通住宅,非共有,190.0,0.5,高楼层,西二旗,海淀,简装,,,,有,768.0,828.3192367467925,0.07854067284738608
132,,,1.0,商品房,70.0,集中供暖,,,1.0,1.0,1.0,2.0,中关村南大街40号,1991.0,塔楼,钢混结构,50.7,22.0,平层,满五年,普通住宅,共有,146.0,0.25,低楼层,白石桥,海淀,简装,,,,有,448.0,532.3608240329909,0.18830541078792606
133,,,,已购公房,70.0,集中供暖,1.0,1.0,1.0,1.0,1.0,2.0,北无宿舍,1995.0,板楼,混合结构,61.0,6.0,平层,满五年,普通住宅,非共有,241.0,0.5,低楼层,紫竹桥,海淀,简装,,,,无,555.0,637.8790157008198,0.14933155982129687
134,1.0,,,商品房,70.0,集中供暖,,,1.0,1.0,1.0,1.0,品阁公寓,2004.0,板塔结合,钢混结构,72.96,11.0,平层,满五年,普通住宅,非共有,241.0,0.14285714285714285,中楼层,西直门,海淀,精装,,,,有,538.0,466.7810392475956,0.13237725046915322
135,,1.0,,商品房,70.0,集中供暖,,,1.0,1.0,1.0,2.0,枫蓝国际,2005.0,塔楼,钢混结构,70.94,21.0,平层,满两年,公寓,非共有,146.0,0.25,中楼层,小西天,海淀,精装,,,,有,587.5,676.4769472719751,0.15145012301612776
136,,,,商品房,70.0,集中供暖,,1.0,1.0,1.0,1.0,2.0,海淀南路,1988.0,塔楼,钢混结构,60.12,16.0,平层,满五年,普通住宅,非共有,295.0,0.2857142857142857,中楼层,苏州桥,海淀,精装,,,,有,585.0,594.7184129280304,0.016612671671846796
137,,,,商品房,70.0,集中供暖,,1.0,1.0,1.0,1.0,1.0,乔建里,1989.0,板楼,混合结构,41.3,6.0,平层,满五年,普通住宅,非共有,398.0,0.09090909090909091,低楼层,军博,海淀,简装,,,,无,387.0,342.9953180889913,0.11370718840053921
138,,,,商品房,70.0,自供暖,,1.0,2.0,2.0,1.0,3.0,恒兴大厦,2000.0,塔楼,钢混结构,177.26,25.0,平层,满五年,普通住宅,非共有,30.0,0.375,高楼层,中关村,海淀,毛坯,,,,有,1000.0,1118.9323781076762,0.11893237810767619
139,1.0,,,商品房,70.0,集中供暖,,,1.0,1.0,1.0,2.0,人济山庄,2001.0,塔楼,钢混结构,105.18,26.0,平层,满五年,普通住宅,非共有,333.0,0.25,高楼层,紫竹桥,海淀,精装,,,,有,1195.0,1017.4534893649832,0.14857448588704336
140,,,,商品房,70.0,集中供暖,1.0,1.0,1.0,1.0,1.0,2.0,梅园,1995.0,板楼,混合结构,63.8,6.0,平层,满五年,普通住宅,非共有,244.0,0.3333333333333333,高楼层,马连洼,海淀,精装,,,,无,426.0,458.2449042039484,0.07569226338955025
141,,,1.0,二类经济适用房,70.0,集中供暖,,,1.0,2.0,1.0,3.0,金夕园,2003.0,塔楼,钢混结构,130.83,17.0,平层,满五年,普通住宅,非共有,162.0,0.16666666666666666,中楼层,世纪城,海淀,精装,,,,有,1110.0,1130.6469835357639,0.018600886068255735
142,,,,商品房,70.0,集中供暖,1.0,1.0,1.0,1.0,1.0,2.0,教委计生委大院,1995.0,板楼,混合结构,45.0,7.0,平层,满五年,普通住宅,非共有,143.0,0.5,高楼层,中关村,海淀,简装,,,,无,545.0,618.0060583889283,0.13395607043840055
143,,1.0,,商品房,70.0,集中供暖,,,1.0,,1.0,1.0,清缘东里,2005.0,板楼,钢混结构,33.43,9.0,平层,满五年,普通住宅,非共有,394.0,0.3333333333333333,中楼层,清河,海淀,其他,,,,有,344.0,249.82244418055177,0.2737719645914193
144,,,1.0,已购公房,40.0,集中供暖,,,1.0,1.0,1.0,3.0,西三环北路109号,1993.0,塔楼,钢混结构,81.9,18.0,平层,满五年,普通住宅,非共有,171.0,0.2,低楼层,紫竹桥,海淀,精装,,1.0,,无,740.0,750.9009817266008,0.014731056387298345
145,,,,商品房,50.0,集中供暖,,,1.0,,,1.0,西海国际中心,2009.0,塔楼,钢混结构,52.64,13.0,平层,满五年,商业办公类,非共有,145.0,0.07692307692307693,中楼层,苏州桥,海淀,其他,1.0,,,无,243.0,376.73386828714183,0.5503451369841228
146,1.0,,,私产,70.0,集中供暖,,,1.0,1.0,1.0,2.0,建西苑中里,2000.0,板楼,混合结构,69.38,6.0,平层,满五年,普通住宅,非共有,108.0,0.5,底层,杨庄,海淀,简装,1.0,,,无,426.0,368.01368640497003,0.13611810703058677
147,,,1.0,商品房,70.0,集中供暖,,,1.0,1.0,1.0,3.0,师大北路21号院,1999.0,板塔结合,钢混结构,95.15,16.0,平层,满五年,普通住宅,非共有,293.0,0.21052631578947367,中楼层,小西天,海淀,简装,,,,有,1030.0,858.1994500085597,0.16679665047712655
148,,,,商品房,70.0,集中供暖,1.0,1.0,1.0,1.0,1.0,2.0,恩济里小区,1995.0,板塔结合,钢混结构,66.68,15.0,平层,满五年,普通住宅,非共有,338.0,0.10526315789473684,低楼层,定慧寺,海淀,简装,,,,有,600.0,618.6144552271346,0.031024092045224355
149,,,,商品房,70.0,集中供暖,1.0,1.0,1.0,,1.0,3.0,工商大学东校区,1985.0,板楼,钢混结构,76.3,18.0,平层,满五年,普通住宅,非共有,307.0,0.25,高楼层,甘家口,海淀,简装,,,,有,745.0,814.7575702674293,0.09363432250661649
150,,,,商品房,70.0,集中供暖,1.0,1.0,1.0,1.0,1.0,2.0,翠微路2号院,1985.0,板楼,混合结构,57.9,5.0,平层,满五年,普通住宅,非共有,272.0,0.3333333333333333,底层,公主坟,海淀,毛坯,,,,无,560.0,523.5724845635598,0.06504913470792896
151,,,,商品房,70.0,集中供暖,,1.0,1.0,1.0,1.0,2.0,塔院小区,1989.0,板楼,混合结构,57.9,6.0,平层,满五年,普通住宅,非共有,359.0,0.3333333333333333,中楼层,牡丹园,海淀,精装,,,,无,526.0,533.6269974548142,0.014499995161243649
152,,,,已购公房,70.0,集中供暖,1.0,1.0,1.0,1.0,1.0,2.0,梅园,1995.0,板楼,混合结构,59.88,6.0,平层,满五年,普通住宅,非共有,142.0,0.5,中楼层,马连洼,海淀,其他,,,,无,382.5,414.49453124348634,0.08364583331630414
153,,,,商品房,70.0,集中供暖,,1.0,1.0,1.0,1.0,2.0,富力桃园C区,2009.0,板塔结合,钢混结构,90.98,21.0,平层,满两年,普通住宅,非共有,391.0,0.5,低楼层,西三旗,海淀,精装,1.0,,,有,548.0,594.7012258668043,0.0852212150854093
154,1.0,,,商品房,70.0,集中供暖,,,1.0,1.0,1.0,2.0,皂君东里,1999.0,板楼,混合结构,52.4,6.0,平层,满五年,普通住宅,非共有,354.0,0.5,底层,皂君庙,海淀,简装,1.0,,,无,475.0,496.41614096366334,0.04508661255508071
155,,,,商品房,70.0,集中供暖,1.0,,1.0,,1.0,1.0,蜂鸟家园,2004.0,板楼,钢混结构,43.32,9.0,平层,满两年,普通住宅,非共有,305.0,0.2857142857142857,低楼层,万柳,海淀,精装,1.0,,,有,628.0,639.1658454765071,0.017780008720552732
156,1.0,,,商品房,70.0,集中供暖,1.0,1.0,2.0,2.0,1.0,2.0,保利海德公园,1993.7698001480385,板楼,未知结构,145.0,6.0,平层,满五年,普通住宅,非共有,391.0,1.0,顶层,知春路,海淀,毛坯,,,,无,2100.0,1043.6294043601938,0.5030336169713363
157,,,,商品房,70.0,集中供暖,1.0,1.0,1.0,1.0,1.0,2.0,苗圃宿舍家属楼,1990.0,板楼,混合结构,51.13,6.0,平层,满五年,普通住宅,非共有,331.0,0.5,底层,五棵松,海淀,简装,,,,无,390.0,375.21375917249964,0.03791343801923171
158,,,,商品房,70.0,集中供暖,,1.0,1.0,1.0,1.0,2.0,圆明园西路2号院,1990.0,板楼,混合结构,54.4,5.0,平层,满五年,普通住宅,非共有,370.0,0.3333333333333333,中楼层,马连洼,海淀,精装,,,,无,442.0,390.9588105848079,0.11547780410676944
159,,,,商品房,70.0,集中供暖,1.0,1.0,1.0,1.0,1.0,2.0,塔院小区,1989.0,板楼,混合结构,64.6,6.0,平层,满五年,普通住宅,非共有,266.0,0.3333333333333333,中楼层,牡丹园,海淀,简装,,,,无,550.0,565.526104345149,0.028229280627543547
160,,,,商品房,70.0,集中供暖,1.0,1.0,1.0,1.0,1.0,2.0,万寿路西街9号,1988.0,板楼,混合结构,54.2,6.0,平层,满五年,普通住宅,非共有,221.0,0.5,高楼层,万寿路,海淀,简装,,,,无,566.0,620.0061417350382,0.09541721154600394
161,1.0,,,商品房,70.0,集中供暖,,,1.0,1.0,1.0,1.0,北无宿舍,1994.0,板楼,混合结构,35.9,6.0,平层,满五年,普通住宅,非共有,283.0,0.3333333333333333,地下室,紫竹桥,海淀,简装,,,,无,295.0,203.9492778998142,0.30864651559385015
162,1.0,,,商品房,70.0,集中供暖,,,1.0,,1.0,1.0,紫金数码,2007.0,板塔结合,钢混结构,39.48,13.0,平层,满两年,公寓,非共有,252.0,0.12903225806451613,中楼层,中关村,海淀,精装,,,,有,262.0,625.938819555362,1.3890794639517634
163,,,,已购公房,70.0,集中供暖,,1.0,1.0,1.0,1.0,3.0,三虎桥,1985.0,板楼,混合结构,63.6,6.0,平层,满五年,普通住宅,非共有,102.0,0.25,低楼层,紫竹桥,海淀,简装,1.0,,,无,545.0,550.5437113759723,0.010171947478848245
164,,,1.0,商品房,70.0,集中供暖,,,1.0,1.0,1.0,2.0,铁道部宿舍,1998.0,板塔结合,钢混结构,76.84,14.0,平层,满五年,普通住宅,非共有,210.0,0.18181818181818182,低楼层,西直门,海淀,简装,,,,有,590.0,608.4918427883122,0.031342106420868085
165,,,,二类经济适用房,70.0,集中供暖,1.0,1.0,1.0,1.0,1.0,3.0,金谷园,1998.0,板楼,混合结构,89.87,6.0,平层,满两年,普通住宅,非共有,140.0,0.3333333333333333,低楼层,知春路,海淀,简装,,,,无,595.0,769.0546826588443,0.29252887841822567
166,,,,央产房,70.0,集中供暖,,,1.0,1.0,1.0,2.0,莲花池东路9号院,2000.0,塔楼,钢混结构,68.95,19.0,平层,满五年,普通住宅,非共有,103.0,0.2,中楼层,军博,海淀,简装,,,1.0,有,548.0,626.7281174183925,0.14366444784378185
167,,,,商品房,70.0,集中供暖,,1.0,1.0,1.0,1.0,1.0,永泰园,1999.0,板楼,混合结构,54.74,6.0,平层,满五年,普通住宅,共有,227.0,0.3333333333333333,高楼层,清河,海淀,其他,,,,无,381.0,283.8162833148225,0.2550753718771063
168,,,,商品房,70.0,集中供暖,1.0,1.0,1.0,1.0,1.0,2.0,金沟河12号院,1990.0,板楼,混合结构,58.2,6.0,平层,满五年,普通住宅,非共有,283.0,0.5,高楼层,玉泉路,海淀,简装,,,,无,416.0,439.5712193267283,0.05666158492001991
169,,1.0,,商品房,70.0,集中供暖,,,1.0,1.0,1.0,2.0,清河饮食服务楼,1987.0,板楼,混合结构,50.4,6.0,平层,满五年,普通住宅,非共有,367.0,0.3333333333333333,顶层,清河,海淀,简装,,,,无,299.0,301.4033717839561,0.008038032722261263
170,,,,私产,70.0,自供暖,1.0,1.0,2.0,1.0,1.0,2.0,光大水墨风景,2005.0,板楼,钢混结构,118.42,16.0,平层,满五年,普通住宅,非共有,109.0,0.5,底层,万柳,海淀,其他,,,,有,1330.0,1263.887223363491,0.04970885461391646
171,,,,商品房,70.0,集中供暖,1.0,1.0,1.0,1.0,1.0,2.0,常秀家园,1994.0,板楼,混合结构,62.3,6.0,平层,满五年,普通住宅,非共有,93.0,0.5,地下室,西三旗,海淀,其他,,,,无,196.0,94.36350421625446,0.5185535499170691
172,,,,私产,70.0,集中供暖,1.0,1.0,2.0,2.0,1.0,2.0,润千秋佳苑,2005.0,板楼,钢混结构,98.88,6.0,平层,满五年,普通住宅,非共有,256.0,0.5,中楼层,西北旺,海淀,其他,,,,有,775.0,788.1288292663793,0.016940424859844237
173,,,1.0,央产房,70.0,集中供暖,,,1.0,1.0,1.0,2.0,清华园铁路宿舍,1982.0,板楼,混合结构,49.98,6.0,平层,满五年,普通住宅,非共有,171.0,0.2,中楼层,五道口,海淀,简装,,,,无,523.0,491.88825552554215,0.059487083125158415
174,,,,商品房,70.0,集中供暖,1.0,1.0,1.0,1.0,1.0,2.0,老年医院家属楼,1995.0,板楼,混合结构,53.5,4.0,平层,满五年,普通住宅,非共有,303.0,0.5,中楼层,海淀北部新区,海淀,简装,,,,无,358.0,389.5616340989801,0.0881609891032964
175,,,,商品房,70.0,集中供暖,,1.0,1.0,1.0,1.0,2.0,东南小区,1986.0,板塔结合,钢混结构,57.9,12.0,平层,满五年,普通住宅,非共有,303.0,0.25,低楼层,中关村,海淀,精装,,,,有,737.5,778.3855488473648,0.05543803233540992
176,,,,商品房,70.0,集中供暖,1.0,1.0,2.0,2.0,1.0,4.0,大有北里小区,1997.0,板楼,混合结构,125.8,6.0,平层,满五年,普通住宅,非共有,380.0,0.5,中楼层,马连洼,海淀,精装,1.0,,,有,1380.0,1493.7366198317534,0.08241784045779231
177,,,,商品房,70.0,集中供暖,1.0,1.0,1.0,1.0,1.0,2.0,永泰园,1995.0,板楼,混合结构,62.3,6.0,平层,满五年,普通住宅,非共有,198.0,0.5,低楼层,清河,海淀,简装,,,,无,400.0,364.6075444237247,0.0884811389406883
178,,,,商品房,70.0,集中供暖,,1.0,1.0,1.0,1.0,2.0,小营东路5号院,1980.0,板楼,混合结构,50.0,5.0,平层,满五年,普通住宅,非共有,53.0,0.3333333333333333,中楼层,清河,海淀,精装,,,,无,345.0,295.1390242058445,0.14452456751929124
179,,,,商品房,70.0,集中供暖,1.0,1.0,1.0,1.0,1.0,2.0,建设研究院,1980.0,板楼,混合结构,60.9,6.0,平层,满两年,普通住宅,非共有,138.0,0.3333333333333333,底层,五棵松,海淀,简装,,,,无,508.0,488.85472391995495,0.03768755133867136
180,,,,商品房,70.0,集中供暖,,1.0,1.0,1.0,1.0,2.0,双榆树东里,1988.0,塔楼,钢混结构,59.6,16.0,平层,满两年,普通住宅,非共有,364.0,0.2222222222222222,低楼层,双榆树,海淀,精装,1.0,,,有,575.0,586.0814356155993,0.01927206194017265
181,,,,商品房,70.0,集中供暖,1.0,1.0,1.0,1.0,1.0,3.0,王庄路27号院,1989.0,板楼,混合结构,76.2,6.0,平层,满五年,普通住宅,非共有,247.0,0.5,低楼层,五道口,海淀,精装,,,,无,690.0,600.2215746578177,0.1301136599162063
182,1.0,,,商品房,70.0,集中供暖,,,1.0,1.0,1.0,2.0,永定路17号院,1995.0,板楼,混合结构,49.5,6.0,平层,满五年,普通住宅,非共有,362.0,0.3333333333333333,底层,五棵松,海淀,精装,1.0,,,无,365.0,369.9310057732721,0.0135096048582797
183,,,,商品房,70.0,集中供暖,1.0,1.0,1.0,1.0,1.0,2.0,王公坟社区,1990.0,板楼,混合结构,54.9,6.0,平层,满五年,普通住宅,非共有,108.0,0.3333333333333333,高楼层,苏州桥,海淀,精装,,,,无,550.0,563.0480719447955,0.023723767172355522
184,,,,商品房,70.0,集中供暖,1.0,1.0,1.0,1.0,1.0,2.0,彩电小区,1987.0,板楼,混合结构,69.1,6.0,平层,满五年,普通住宅,非共有,208.0,0.5,底层,公主坟,海淀,简装,,,,无,740.0,563.0047327290663,0.23918279360936986
185,,,,商品房,70.0,集中供暖,1.0,,2.0,2.0,1.0,4.0,甘家口小区,1998.0,塔楼,钢混结构,150.35,16.0,平层,满五年,普通住宅,非共有,206.0,0.25,低楼层,甘家口,海淀,其他,1.0,,,有,1320.0,1178.2532523083441,0.10738389976640596
186,,,,商品房,70.0,集中供暖,1.0,1.0,1.0,1.0,1.0,2.0,梅园,1995.0,板楼,混合结构,63.43,6.0,平层,满两年,普通住宅,非共有,169.0,0.3333333333333333,中楼层,马连洼,海淀,简装,,,,无,402.0,434.1028213398854,0.0798577645270781
187,,1.0,,商品房,70.0,集中供暖,,,1.0,1.0,1.0,1.0,枫蓝国际,2004.0,塔楼,钢混结构,70.94,21.0,平层,满五年,公寓,非共有,170.0,0.25,高楼层,小西天,海淀,精装,,,,有,605.0,643.5872433472211,0.06378056751606802
188,,,,商品房,70.0,集中供暖,1.0,1.0,1.0,1.0,1.0,2.0,复兴路63号,1990.0,板楼,钢混结构,57.6,9.0,平层,满五年,普通住宅,非共有,269.0,0.6666666666666666,低楼层,万寿路,海淀,其他,,,,有,600.0,535.0215582897653,0.10829740285039122
189,,,,商品房,70.0,自供暖,1.0,1.0,1.0,1.0,1.0,3.0,永定华庭,2012.0,板楼,钢混结构,105.12,11.0,平层,满两年,普通住宅,非共有,188.0,0.5,高楼层,五棵松,海淀,精装,,,,有,895.0,871.3148124964202,0.02646389665204442
190,,,,商品房,70.0,集中供暖,1.0,1.0,1.0,1.0,1.0,2.0,永定路东街5号院,1980.0,板楼,混合结构,57.23,6.0,平层,满五年,普通住宅,非共有,240.0,0.3333333333333333,高楼层,五棵松,海淀,简装,,,,无,480.0,497.23981393515646,0.035916279031575966
191,,,1.0,商品房,70.0,集中供暖,,1.0,1.0,2.0,1.0,2.0,甘家口小区,1998.0,板塔结合,钢混结构,109.2,12.0,平层,满五年,普通住宅,非共有,259.0,0.5,高楼层,甘家口,海淀,精装,,,,有,825.0,847.8333582823537,0.027676797918004536
192,,,,商品房,70.0,集中供暖,,1.0,1.0,1.0,1.0,2.0,普惠南里,1994.0,塔楼,钢混结构,70.1,18.0,平层,满五年,普通住宅,非共有,229.0,0.3333333333333333,高楼层,公主坟,海淀,简装,,,,有,658.0,616.0999121285349,0.06367794509341197
193,,,,商品房,70.0,集中供暖,1.0,1.0,1.0,1.0,1.0,2.0,常秀家园,1996.0,板楼,混合结构,58.5,6.0,平层,满五年,普通住宅,共有,200.0,0.5,低楼层,西三旗,海淀,简装,,,,无,345.0,317.30383987922096,0.08027872498776534
194,,,,私产,70.0,集中供暖,,,1.0,1.0,1.0,2.0,海云轩,2000.0,板塔结合,钢混结构,116.29,22.0,平层,满五年,普通住宅,非共有,170.0,0.4,低楼层,西直门,海淀,其他,,,1.0,有,820.0,642.9927685531279,0.21586247737423425
195,,,,商品房,70.0,集中供暖,,1.0,1.0,1.0,1.0,2.0,学院南路34号院,1995.0,板塔结合,钢混结构,59.7,14.0,平层,满五年,普通住宅,共有,189.0,0.2,底层,小西天,海淀,其他,,,,有,445.0,524.3608557758605,0.17833900174350675
196,,,,商品房,70.0,集中供暖,1.0,1.0,1.0,1.0,1.0,2.0,铁西小区,1990.0,板楼,混合结构,58.2,6.0,平层,满五年,普通住宅,非共有,129.0,0.5,中楼层,军博,海淀,简装,,,,无,435.0,509.0737286357662,0.17028443364543955
197,,1.0,,商品房,70.0,集中供暖,,,1.0,1.0,1.0,2.0,花园北路32号院,2000.0,板楼,混合结构,55.64,6.0,平层,满五年,普通住宅,非共有,366.0,0.2,高楼层,牡丹园,海淀,简装,,,,无,435.0,540.011727574398,0.2414062702859725
198,,,,商品房,70.0,集中供暖,1.0,1.0,1.0,1.0,1.0,3.0,北土城西路167号院,1986.0,板楼,混合结构,64.5,6.0,平层,满两年,普通住宅,非共有,308.0,0.3333333333333333,中楼层,牡丹园,海淀,简装,,,,无,525.0,574.3902383169816,0.09407664441329827
199,,,,商品房,70.0,集中供暖,1.0,1.0,1.0,1.0,1.0,3.0,民族大学南路19号院,1993.0,板塔结合,钢混结构,107.7,15.0,平层,满五年,普通住宅,共有,301.0,0.3333333333333333,低楼层,魏公村,海淀,简装,,,,有,930.0,1019.1135763281843,0.09582104981525194
200,,,,商品房,70.0,集中供暖,,1.0,1.0,,1.0,3.0,昌运宫,1986.0,塔楼,钢混结构,64.98,18.0,平层,满五年,普通住宅,非共有,131.0,0.3333333333333333,低楼层,紫竹桥,海淀,其他,,,,有,513.0,545.0057421207533,0.062389360859168276
201,,,,商品房,70.0,集中供暖,,1.0,1.0,1.0,1.0,2.0,大柳树9号院,1988.0,板楼,混合结构,54.0,6.0,平层,满五年,普通住宅,非共有,178.0,0.3333333333333333,低楼层,白石桥,海淀,精装,,,,无,486.0,512.5745495533494,0.05468014311388757
202,,,,商品房,70.0,集中供暖,1.0,1.0,1.0,1.0,1.0,2.0,王公坟社区,1989.0,板楼,钢混结构,55.63,10.0,平层,满五年,普通住宅,非共有,160.0,0.5,顶层,苏州桥,海淀,其他,,,,有,550.0,546.2624578431719,0.006795531194232932
203,,,,商品房,70.0,集中供暖,1.0,1.0,1.0,1.0,1.0,2.0,塔院小区,1992.0,板塔结合,钢混结构,64.4,13.0,平层,满五年,普通住宅,非共有,203.0,0.3333333333333333,中楼层,牡丹园,海淀,精装,,,,有,545.0,558.3998883839372,0.024586951163187515
204,1.0,,,已购公房,70.0,集中供暖,,,1.0,1.0,1.0,2.0,永定路西里小区,1993.7698001480385,板楼,混合结构,51.1,5.0,平层,满五年,普通住宅,非共有,82.0,0.3333333333333333,中楼层,五棵松,海淀,简装,,,,无,470.0,464.40794899961577,0.011897980851881342
205,,,1.0,已购公房,70.0,集中供暖,,,1.0,1.0,1.0,3.0,中关村,1995.0,板楼,混合结构,62.29,6.0,平层,满五年,普通住宅,非共有,101.0,0.045454545454545456,顶层,中关村,海淀,精装,,,,无,567.0,681.100890496267,0.20123613844138796
206,,,,商品房,70.0,集中供暖,1.0,1.0,1.0,1.0,1.0,2.0,华鸿家园,2008.0,板楼,钢混结构,96.09,6.0,复式,满五年,普通住宅,非共有,221.0,0.5,顶层,西三旗,海淀,精装,,,,有,598.0,602.378363884078,0.007321678735916386
207,1.0,,,商品房,70.0,集中供暖,,1.0,1.0,1.0,1.0,2.0,富力桃园C区,2009.0,板塔结合,钢混结构,85.95,18.0,平层,满五年,普通住宅,非共有,389.0,0.5,高楼层,西三旗,海淀,精装,,,,有,630.0,563.8363407458904,0.10502168135572948
208,,,,已购公房,70.0,集中供暖,1.0,1.0,1.0,1.0,1.0,2.0,万寿路西街9号,1988.0,板楼,混合结构,55.5,6.0,平层,满五年,普通住宅,非共有,114.0,0.3333333333333333,中楼层,万寿路,海淀,精装,,,,无,590.0,640.023086137415,0.08478489175833054
209,1.0,,,商品房,70.0,集中供暖,,,1.0,1.0,1.0,1.0,万寿路西街11号院,1999.0,板楼,混合结构,55.76,6.0,平层,满五年,普通住宅,非共有,341.0,0.5,底层,万寿路,海淀,精装,1.0,,,无,500.0,590.2967832034651,0.18059356640693022
210,1.0,,,商品房,70.0,集中供暖,1.0,1.0,1.0,1.0,1.0,2.0,中关村,1996.0,板楼,混合结构,65.63,6.0,平层,满五年,普通住宅,非共有,377.0,0.5,中楼层,中关村,海淀,其他,,,,无,763.0,687.4846022313952,0.0989716877701242
211,,,,商品房,70.0,自供暖,1.0,1.0,2.0,2.0,1.0,3.0,熙湖,2008.0,板楼,钢混结构,170.28,12.0,平层,满五年,普通住宅,非共有,283.0,0.5,中楼层,田村,海淀,毛坯,,,,有,1198.0,1169.8512014989692,0.023496492905701834
212,1.0,,,商品房,70.0,集中供暖,1.0,1.0,1.0,1.0,1.0,2.0,罗庄南里,1986.0,板楼,混合结构,63.8,6.0,平层,满五年,普通住宅,非共有,342.0,0.5,低楼层,知春路,海淀,简装,,,,无,495.0,518.6184288120471,0.047713997600095176
213,,1.0,,商品房,70.0,集中供暖,,,1.0,1.0,1.0,2.0,北洼路32号院,1994.0,板塔结合,钢混结构,88.16,14.0,平层,满五年,普通住宅,非共有,130.0,0.25,低楼层,紫竹桥,海淀,毛坯,,,,有,660.0,735.702587770292,0.11470089056104846
214,,,,商品房,70.0,集中供暖,,1.0,1.0,1.0,1.0,1.0,大钟寺甲133号院,1996.0,板楼,混合结构,46.3,6.0,平层,满两年,普通住宅,共有,241.0,0.3333333333333333,高楼层,皂君庙,海淀,精装,,,,无,400.0,432.9907735330081,0.08247693383252028
215,,,,商品房,40.0,集中供暖,,1.0,1.0,1.0,1.0,1.0,塔院小区,1989.0,板楼,混合结构,41.5,6.0,平层,满五年,普通住宅,非共有,355.0,0.3333333333333333,底层,牡丹园,海淀,精装,,,,无,398.0,391.37438650652314,0.01664727008411272
216,,,,已购公房,70.0,集中供暖,,1.0,1.0,1.0,1.0,1.0,翠微南里,1988.0,塔楼,钢混结构,44.57,18.0,平层,满五年,普通住宅,非共有,58.0,0.2857142857142857,高楼层,公主坟,海淀,其他,,,,有,424.5,375.5789180368678,0.11524400933600053
217,,,,商品房,70.0,集中供暖,,1.0,1.0,1.0,1.0,1.0,双榆树北里,1985.0,板楼,混合结构,39.2,6.0,平层,满五年,普通住宅,非共有,292.0,0.3333333333333333,顶层,双榆树,海淀,简装,,,,无,393.0,375.21054510790634,0.0452657885295004
218,,,,已购公房,70.0,集中供暖,1.0,1.0,1.0,2.0,1.0,4.0,清华东路27号院,1995.0,板楼,混合结构,118.6,7.0,跃层,满五年,普通住宅,非共有,64.0,0.3333333333333333,高楼层,学院路,海淀,简装,,,,无,730.0,778.5546171678648,0.06651317420255447
219,,,,商品房,70.0,集中供暖,1.0,1.0,1.0,1.0,1.0,2.0,厂洼甲1号院,1993.7698001480385,板楼,混合结构,76.41,6.0,平层,满五年,普通住宅,非共有,309.0,0.5,顶层,厂洼,海淀,简装,,,,无,658.0,688.6760443464661,0.046620128186118756
220,,,,商品房,70.0,集中供暖,1.0,1.0,1.0,2.0,1.0,2.0,玉泉路16号院,2000.0,板楼,混合结构,108.24,5.0,平层,满五年,普通住宅,非共有,388.0,0.5,中楼层,玉泉路,海淀,简装,,,,无,810.0,720.0484893652186,0.11105124769726094
221,,,,商品房,70.0,集中供暖,,1.0,1.0,1.0,1.0,1.0,翠微南里,1987.0,塔楼,钢混结构,43.7,18.0,平层,满五年,普通住宅,非共有,255.0,0.2857142857142857,顶层,公主坟,海淀,精装,,,,有,420.0,379.3171115977632,0.09686402000532575
222,1.0,,,商品房,70.0,集中供暖,,,1.0,1.0,1.0,2.0,新外大街5号,1984.0,板楼,混合结构,58.49,6.0,平层,满五年,普通住宅,非共有,394.0,0.3333333333333333,中楼层,小西天,海淀,简装,1.0,,,无,415.0,404.431013863144,0.025467436474351766
223,,,,商品房,70.0,集中供暖,,1.0,1.0,1.0,1.0,1.0,万寿路西街9号,1988.0,板楼,混合结构,43.8,6.0,平层,满五年,普通住宅,共有,163.0,0.5,顶层,万寿路,海淀,毛坯,,,,无,440.0,505.9868770214712,0.14997017504879812
224,,,,商品房,70.0,集中供暖,1.0,1.0,1.0,1.0,1.0,2.0,青云南区,1962.0,板楼,混合结构,77.1,5.0,平层,满五年,普通住宅,非共有,143.0,0.3333333333333333,中楼层,皂君庙,海淀,简装,,,,无,523.0,556.0985858909551,0.06328601508786819
225,,,,商品房,70.0,集中供暖,1.0,1.0,1.0,1.0,1.0,1.0,宝盛北里,2009.0,板楼,混合结构,62.35,6.0,平层,满五年,普通住宅,非共有,289.0,0.5,底层,清河,海淀,精装,,,,无,397.0,373.9540475663724,0.05805025801921304
226,,,,商品房,70.0,集中供暖,,1.0,1.0,1.0,1.0,1.0,中关村东大院,1992.0,板楼,混合结构,46.6,6.0,平层,满五年,普通住宅,非共有,266.0,0.3333333333333333,低楼层,中关村,海淀,精装,,,,无,495.0,561.8046403351874,0.13495886936401494
227,,,,已购公房,70.0,集中供暖,,1.0,1.0,,1.0,3.0,昌运宫,1986.0,塔楼,钢混结构,64.98,18.0,平层,满五年,普通住宅,非共有,95.0,0.3333333333333333,中楼层,紫竹桥,海淀,其他,,,,有,515.0,536.1906866769463,0.041146964421254865
228,,,,商品房,70.0,集中供暖,1.0,1.0,1.0,1.0,1.0,2.0,电信宿舍,1989.0,板楼,混合结构,54.9,6.0,平层,满两年,普通住宅,非共有,370.0,0.3333333333333333,底层,马甸,海淀,其他,,,,无,514.3,457.69274484943844,0.11006660538705332
229,1.0,,,央产房,70.0,集中供暖,,1.0,1.0,1.0,1.0,3.0,水科院,1997.0,板楼,混合结构,84.6,6.0,平层,满两年,普通住宅,共有,43.0,0.5,底层,军博,海淀,简装,,,,无,659.0,763.5823980279151,0.15869863130184392
230,,,,商品房,70.0,集中供暖,,,1.0,1.0,1.0,2.0,昌运宫,1990.0,塔楼,钢混结构,67.51,13.0,平层,满五年,普通住宅,非共有,384.0,0.25,高楼层,紫竹桥,海淀,简装,,,1.0,有,520.0,525.7841287353372,0.011123324491033005
231,,,,商品房,70.0,集中供暖,,,1.0,1.0,1.0,2.0,枫蓝国际,2004.0,塔楼,钢混结构,96.75,21.0,平层,满五年,公寓,非共有,393.0,0.25,高楼层,小西天,海淀,精装,,,1.0,有,950.0,822.6231124037919,0.13408093431179802
232,,,,商品房,70.0,集中供暖,1.0,1.0,1.0,2.0,1.0,2.0,华鸿家园,2007.0,板楼,钢混结构,97.29,6.0,平层,满五年,普通住宅,非共有,248.0,0.5,底层,西三旗,海淀,精装,,,,有,513.8,545.1458980565276,0.06100797597611451
233,,,,商品房,70.0,集中供暖,,1.0,1.0,1.0,1.0,1.0,百旺家苑,2003.0,板楼,钢混结构,60.19,9.0,平层,满五年,普通住宅,非共有,97.0,0.3333333333333333,低楼层,马连洼,海淀,精装,,,,有,470.0,421.5013263700207,0.10318866729782829
234,,,,商品房,70.0,集中供暖,,1.0,1.0,1.0,1.0,2.0,昌运宫,1990.0,塔楼,钢混结构,75.66,13.0,平层,满五年,普通住宅,非共有,219.0,0.25,中楼层,紫竹桥,海淀,其他,,,,有,590.0,591.297223086063,0.002198683196716972
235,,,,商品房,70.0,集中供暖,1.0,1.0,1.0,1.0,1.0,1.0,紫竹院南路14号院,1980.0,板塔结合,钢混结构,42.8,12.0,平层,满五年,普通住宅,非共有,153.0,0.5,底层,紫竹桥,海淀,精装,,,,有,332.0,372.881751713422,0.12313780636572885
236,,,,商品房,70.0,自供暖,,,2.0,2.0,1.0,3.0,玉阜嘉园,2003.0,板塔结合,钢混结构,124.71,12.0,平层,满五年,普通住宅,非共有,228.0,0.25,高楼层,玉泉路,海淀,精装,1.0,,,有,780.0,851.1241381879753,0.09118479254868626
237,,,,商品房,70.0,集中供暖,1.0,1.0,1.0,1.0,1.0,2.0,皂君庙14号院,1996.0,板楼,混合结构,78.9,6.0,平层,满五年,普通住宅,非共有,272.0,0.5,低楼层,皂君庙,海淀,简装,,,,无,800.0,553.4749065534506,0.3081563668081867
238,,,,商品房,70.0,集中供暖,1.0,1.0,1.0,1.0,1.0,3.0,皂君东里,1981.0,板楼,混合结构,67.9,6.0,平层,满五年,普通住宅,非共有,326.0,0.5,中楼层,皂君庙,海淀,简装,,,,无,642.0,599.1957496540747,0.06667328714318585
239,,,,已购公房,69.72161172161172,集中供暖,1.0,1.0,1.0,1.0,1.0,3.0,西三环北路82号院,1983.0,板楼,混合结构,68.9,6.0,平层,满五年,普通住宅,非共有,48.0,0.3333333333333333,中楼层,甘家口,海淀,简装,,,,无,730.0,645.6757644871,0.11551265138753429
240,,,,商品房,70.0,自供暖,1.0,1.0,2.0,1.0,1.0,3.0,永定华庭,2012.0,板楼,钢混结构,105.12,11.0,平层,满两年,普通住宅,非共有,223.0,0.5,高楼层,五棵松,海淀,精装,,,,有,880.0,912.4998194044668,0.03693161295962142
241,,,,商品房,70.0,自供暖,1.0,1.0,2.0,1.0,1.0,3.0,逸升轩,2002.0,板楼,钢混结构,163.54,14.0,跃层,满五年,普通住宅,非共有,189.0,0.1,高楼层,甘家口,海淀,其他,,,,有,970.0,823.7878829790893,0.1507341412586708
242,,,,商品房,70.0,集中供暖,,,1.0,1.0,1.0,1.0,翠微南里,1990.0,板楼,混合结构,36.42,6.0,平层,满两年,普通住宅,非共有,108.0,0.041666666666666664,高楼层,公主坟,海淀,简装,,,1.0,无,345.0,304.81279028069775,0.11648466585304999
243,,,,商品房,70.0,集中供暖,1.0,1.0,1.0,1.0,1.0,3.0,科委宿舍,1982.0,板楼,混合结构,74.2,5.0,平层,满五年,普通住宅,非共有,89.0,0.5,中楼层,定慧寺,海淀,其他,,,,无,798.0,821.163334343784,0.029026734766646564
244,,,,商品房,70.0,集中供暖,1.0,1.0,1.0,1.0,1.0,2.0,普惠南里,1989.0,板楼,混合结构,57.0,6.0,平层,满五年,普通住宅,非共有,230.0,0.5,高楼层,公主坟,海淀,简装,,,,无,508.0,531.9315675258492,0.047109384893404
245,,,,商品房,70.0,集中供暖,1.0,1.0,1.0,1.0,1.0,2.0,西三环北路82号院,1981.0,板楼,混合结构,54.5,6.0,平层,满两年,普通住宅,非共有,84.0,0.3333333333333333,中楼层,甘家口,海淀,精装,,,,无,535.0,525.9843941001889,0.016851599812731093
246,,,,已购公房,69.72161172161172,集中供暖,,1.0,1.0,1.0,1.0,1.0,西三环北路82号院,1983.0,板楼,混合结构,36.9,6.0,平层,满五年,普通住宅,非共有,45.0,0.3333333333333333,中楼层,甘家口,海淀,其他,,,,无,434.0,372.5137777967052,0.14167332304906635
247,,,,商品房,70.0,集中供暖,1.0,1.0,1.0,1.0,1.0,2.0,东南小区,1984.0,板楼,混合结构,59.6,6.0,平层,满五年,普通住宅,非共有,260.0,0.3333333333333333,顶层,中关村,海淀,精装,,,,无,682.0,784.6389387606935,0.15049697765497574
248,,,,央产房,70.0,集中供暖,1.0,1.0,2.0,1.0,1.0,3.0,大有北里小区,2000.0,板楼,混合结构,86.4,6.0,平层,满五年,普通住宅,非共有,251.0,0.5,底层,马连洼,海淀,其他,,,,有,995.0,1232.3463062645747,0.2385390012709293
249,,,,商品房,70.0,集中供暖,,1.0,1.0,1.0,1.0,2.0,永泰园,1998.0,板楼,混合结构,60.34,6.0,平层,满五年,普通住宅,非共有,332.0,0.3333333333333333,低楼层,清河,海淀,简装,,,,无,410.0,361.5921596187967,0.11806790336878854
250,,,,商品房,70.0,集中供暖,1.0,1.0,1.0,1.0,1.0,2.0,水利局小区,2000.0,板楼,混合结构,91.44,6.0,平层,满两年,普通住宅,非共有,239.0,0.5,顶层,马连洼,海淀,精装,,,,无,572.0,615.207609727778,0.07553777924436722
251,,,,商品房,70.0,集中供暖,1.0,1.0,1.0,1.0,1.0,2.0,供电局宿舍家属楼,1998.0,板楼,混合结构,67.68,6.0,平层,满五年,普通住宅,共有,279.0,0.5,低楼层,清河,海淀,精装,,,,无,495.0,538.7893054687746,0.08846324337126185
252,,,,已购公房,70.0,集中供暖,,1.0,1.0,1.0,1.0,2.0,花园路3号院,2000.0,塔楼,钢混结构,88.07,24.0,平层,满五年,普通住宅,非共有,145.0,0.2,高楼层,牡丹园,海淀,精装,,,,有,750.0,720.7673774197165,0.03897683010704471
253,,1.0,,商品房,70.0,集中供暖,,,1.0,1.0,1.0,3.0,昌运宫,1984.0,塔楼,钢混结构,72.6,17.0,平层,满五年,普通住宅,非共有,264.0,0.25,高楼层,紫竹桥,海淀,精装,,,,有,557.0,594.1823273425529,0.06675462718591178
254,,,,商品房,70.0,集中供暖,1.0,1.0,1.0,1.0,1.0,2.0,交大东路34号院,1990.0,板楼,混合结构,56.3,6.0,平层,满五年,普通住宅,非共有,388.0,0.3333333333333333,底层,西直门,海淀,其他,,,,无,506.0,504.930138539534,0.0021143507123833447
255,,,,商品房,70.0,集中供暖,,1.0,1.0,1.0,1.0,2.0,菊园,1996.0,板楼,混合结构,70.68,6.0,平层,满五年,普通住宅,非共有,261.0,0.3333333333333333,中楼层,马连洼,海淀,简装,,,,无,416.0,456.30050663292957,0.09687621786761916
256,,,,商品房,70.0,集中供暖,,1.0,1.0,1.0,1.0,2.0,甘家口小区,1996.0,塔楼,钢混结构,62.0,16.0,平层,满五年,普通住宅,非共有,208.0,0.2,高楼层,甘家口,海淀,简装,,,,有,570.0,550.8459244875999,0.03360364124982481
257,,,,已购公房,70.0,集中供暖,1.0,1.0,1.0,1.0,1.0,2.0,紫竹院甲3号院,1998.0,板楼,混合结构,85.37,6.0,平层,满五年,普通住宅,非共有,113.0,0.5,低楼层,紫竹桥,海淀,简装,,,,无,756.0,903.4389415220651,0.1950250549233665
258,,,,商品房,70.0,集中供暖,1.0,1.0,1.0,1.0,1.0,2.0,菊园,1995.0,板楼,混合结构,63.55,6.0,平层,满五年,普通住宅,非共有,357.0,0.5,底层,马连洼,海淀,简装,,,,无,418.0,426.9665657034758,0.021451114123147833
259,1.0,,,商品房,70.0,集中供暖,,,1.0,1.0,1.0,1.0,钟表南园,1988.0,板楼,混合结构,41.0,6.0,平层,满两年,普通住宅,非共有,88.0,0.3333333333333333,低楼层,马甸,海淀,其他,,,,无,345.0,295.1465558335768,0.14450273671427008
260,,,,商品房,70.0,集中供暖,1.0,1.0,1.0,2.0,1.0,3.0,建西苑中里,2005.0,板楼,钢混结构,111.1,6.0,平层,满五年,普通住宅,非共有,244.0,0.5,底层,杨庄,海淀,精装,,,,无,725.0,761.9905176853406,0.051021403703918056
261,,,,商品房,70.0,集中供暖,,1.0,1.0,1.0,1.0,2.0,塔院小区,1989.0,板楼,混合结构,57.3,6.0,平层,满五年,普通住宅,非共有,282.0,0.3333333333333333,底层,牡丹园,海淀,精装,,,,无,563.0,525.0102232470889,0.0674774009820801
262,,,,已购公房,70.0,集中供暖,,1.0,1.0,1.0,1.0,1.0,文慧园10号院,1989.0,板楼,混合结构,37.7,6.0,平层,满五年,普通住宅,非共有,136.0,0.3333333333333333,高楼层,新街口,海淀,简装,,,,无,316.0,351.2964535686301,0.11169763787541175
263,,,,商品房,70.0,集中供暖,1.0,1.0,1.0,1.0,1.0,2.0,水利局小区,1999.0,板楼,混合结构,79.1,6.0,平层,满五年,普通住宅,非共有,315.0,0.5,顶层,马连洼,海淀,简装,,,,无,515.0,541.8070206532009,0.052052467287768696
264,,,,商品房,70.0,集中供暖,1.0,1.0,1.0,1.0,1.0,2.0,东南小区,1983.0,板楼,混合结构,61.1,6.0,平层,满五年,普通住宅,非共有,230.0,0.3333333333333333,低楼层,中关村,海淀,简装,,,,无,700.0,803.7437326824688,0.14820533240352687
265,,,1.0,商品房,70.0,自供暖,,,1.0,1.0,1.0,2.0,怡美家园,2004.0,板楼,钢混结构,85.16,18.0,平层,满五年,普通住宅,共有,217.0,0.6666666666666666,低楼层,上地,海淀,简装,,,,有,552.0,572.2222300019059,0.036634474641133924
266,,,,商品房,70.0,自供暖,,,1.0,1.0,1.0,2.0,光大花园,2000.0,塔楼,钢混结构,86.32,17.0,平层,满两年,普通住宅,共有,306.0,0.2,低楼层,万柳,海淀,精装,,,1.0,有,915.0,1051.9040105393078,0.14962186944186648
267,,1.0,,商品房,70.0,集中供暖,,,1.0,1.0,1.0,2.0,清河文苑,2004.0,塔楼,钢混结构,63.61,22.0,平层,满五年,普通住宅,共有,135.0,0.2727272727272727,高楼层,清河,海淀,其他,,,,有,406.0,305.4070851471291,0.24776580013022384
268,,,,商品房,70.0,集中供暖,1.0,1.0,1.0,1.0,1.0,2.0,水利局小区,1999.0,板楼,混合结构,79.1,6.0,平层,满五年,普通住宅,共有,150.0,0.5,高楼层,马连洼,海淀,精装,,,,无,475.0,570.4039534665102,0.20085042835054776
269,,1.0,,商品房,70.0,集中供暖,,,1.0,1.0,1.0,1.0,永定路22号院,1989.0,板楼,混合结构,44.1,6.0,平层,满两年,普通住宅,非共有,298.0,0.3333333333333333,高楼层,五棵松,海淀,精装,,,,无,280.0,219.36072990999116,0.21656882175003156
270,1.0,,,商品房,70.0,集中供暖,,,1.0,2.0,1.0,3.0,都景苑,2001.0,塔楼,钢混结构,130.48,24.0,复式,满五年,普通住宅,非共有,367.0,0.3,高楼层,牡丹园,海淀,精装,,,,有,1030.0,1027.559841684671,0.002369085743037837
271,,,,商品房,70.0,集中供暖,,1.0,1.0,1.0,1.0,2.0,蓟门东里,1985.0,板塔结合,钢混结构,66.0,15.0,平层,满两年,普通住宅,共有,304.0,0.2,低楼层,知春路,海淀,简装,,,,有,473.0,524.753549066293,0.10941553713804011
272,,,,商品房,70.0,集中供暖,,,1.0,1.0,1.0,3.0,复兴路乙6号院,1985.0,塔楼,钢混结构,70.8,16.0,平层,满两年,普通住宅,非共有,243.0,0.2222222222222222,高楼层,军博,海淀,精装,,1.0,,有,580.0,575.4151076989617,0.00790498672592807
273,1.0,,,商品房,70.0,集中供暖,,,1.0,1.0,1.0,3.0,邮局宿舍,1997.0,板楼,混合结构,71.4,6.0,平层,满五年,普通住宅,非共有,260.0,0.3333333333333333,中楼层,颐和园,海淀,精装,1.0,,,无,540.0,576.9238648746004,0.06837752754555637
274,,,,商品房,70.0,集中供暖,,,1.0,1.0,1.0,1.0,建西苑北里,2007.0,板塔结合,钢混结构,69.84,14.0,平层,满两年,普通住宅,非共有,59.0,0.25,高楼层,杨庄,海淀,简装,1.0,,,有,416.8,323.9336775683797,0.22280787531578763
275,,,,商品房,70.0,集中供暖,,1.0,1.0,1.0,1.0,2.0,学院路14号院,1987.0,板楼,混合结构,61.6,6.0,平层,满五年,普通住宅,非共有,150.0,0.3333333333333333,顶层,学院路,海淀,简装,,,,无,435.0,452.97617727359625,0.0413245454565431
276,,,,商品房,70.0,集中供暖,,1.0,1.0,1.0,1.0,1.0,翠微南里,1988.0,板楼,混合结构,40.0,6.0,平层,满五年,普通住宅,非共有,99.0,0.3333333333333333,高楼层,公主坟,海淀,其他,,,,无,395.0,348.3234470118541,0.11816848857758452
277,,,,商品房,70.0,集中供暖,1.0,1.0,1.0,1.0,1.0,2.0,普惠南里,1986.0,板楼,混合结构,55.6,6.0,平层,满五年,普通住宅,非共有,393.0,0.3333333333333333,高楼层,公主坟,海淀,精装,,,,无,530.0,539.6725964296959,0.01825018194282243
278,,,,央产房,70.0,集中供暖,1.0,1.0,1.0,1.0,1.0,2.0,西三环北路23号院,1988.0,板楼,混合结构,56.74,6.0,平层,满五年,普通住宅,非共有,168.0,0.3333333333333333,底层,厂洼,海淀,精装,,,,无,500.0,552.385231324498,0.10477046264899605
279,,,,商品房,70.0,集中供暖,,1.0,1.0,1.0,1.0,1.0,加气混凝土厂宿舍,1993.0,板楼,混合结构,45.5,6.0,平层,满五年,普通住宅,共有,226.0,0.3333333333333333,顶层,清河,海淀,简装,,,,无,306.0,283.14035351253096,0.07470472708323214
280,,,,限价商品房,70.0,集中供暖,1.0,1.0,1.0,1.0,1.0,1.0,金隅美和园,2008.0,板楼,钢混结构,48.53,9.0,平层,满五年,普通住宅,非共有,84.0,0.3333333333333333,顶层,清河,海淀,其他,,,,有,336.0,272.614861763348,0.18864624475194042
281,,,,商品房,70.0,集中供暖,,,1.0,1.0,1.0,3.0,航南小区,2000.0,塔楼,钢混结构,110.16,18.0,平层,满两年,普通住宅,共有,203.0,0.3333333333333333,高楼层,知春路,海淀,精装,,1.0,,有,915.0,810.9700664345585,0.11369391646496342
282,,,,商品房,70.0,集中供暖,,,1.0,1.0,1.0,2.0,清枫华景园,2004.0,塔楼,钢混结构,108.78,18.0,平层,满五年,普通住宅,非共有,345.0,0.2857142857142857,低楼层,学院路,海淀,其他,,,1.0,有,950.0,785.4216813433571,0.17324033542804512
283,,,,商品房,70.0,集中供暖,1.0,1.0,1.0,1.0,1.0,3.0,科育小区,1990.0,板楼,混合结构,67.2,5.0,平层,满五年,普通住宅,共有,378.0,0.3333333333333333,底层,中关村,海淀,精装,,,,无,839.0,905.0197626310265,0.07868863245652746
284,,,,商品房,70.0,集中供暖,,1.0,1.0,1.0,1.0,2.0,金隅美和园,2008.0,板楼,钢混结构,80.52,9.0,平层,满五年,普通住宅,非共有,90.0,0.3333333333333333,顶层,清河,海淀,简装,,,,有,507.0,471.6187535912418,0.06978549587526275
285,,,,商品房,70.0,集中供暖,,1.0,1.0,1.0,1.0,2.0,建西苑北里,2007.0,板塔结合,钢混结构,98.76,14.0,平层,满五年,普通住宅,非共有,165.0,0.3333333333333333,顶层,杨庄,海淀,其他,,,,有,593.0,542.0244884082546,0.08596207688321321
286,,,,商品房,70.0,集中供暖,1.0,1.0,2.0,2.0,1.0,3.0,上地佳园,2004.0,板塔结合,钢混结构,152.27,11.0,平层,满五年,普通住宅,非共有,304.0,0.5,高楼层,上地,海淀,精装,1.0,,,有,1127.0,1057.890351202691,0.061321782428845686
287,,,,商品房,70.0,集中供暖,1.0,1.0,1.0,1.0,1.0,3.0,金沟河2号院,2000.0,板楼,混合结构,100.47,6.0,平层,满五年,普通住宅,非共有,389.0,0.5,高楼层,五棵松,海淀,精装,,,,无,685.0,735.7064110981332,0.07402395780749377
288,,,,商品房,70.0,集中供暖,,,1.0,1.0,1.0,2.0,安宁里南区,2000.0,塔楼,钢混结构,76.57,18.0,平层,满五年,普通住宅,共有,263.0,0.2,中楼层,安宁庄,海淀,精装,1.0,,,有,419.0,483.57443344864953,0.15411559295620414
289,1.0,,,商品房,70.0,集中供暖,,,1.0,2.0,1.0,2.0,翠微路2号院,1996.0,板楼,混合结构,60.6,6.0,平层,满两年,普通住宅,非共有,339.0,0.5,高楼层,公主坟,海淀,精装,1.0,,,无,560.0,538.7793334042567,0.03789404749239874
290,,,,商品房,70.0,集中供暖,1.0,1.0,1.0,1.0,1.0,2.0,常秀家园,1994.0,板楼,混合结构,62.3,6.0,平层,满五年,普通住宅,非共有,102.0,0.5,地下室,西三旗,海淀,精装,,,,无,195.0,111.7343240622373,0.42700346634750097
291,1.0,,,商品房,70.0,集中供暖,,,1.0,1.0,1.0,2.0,水清木华园,1999.0,塔楼,钢混结构,96.83,18.0,平层,满两年,普通住宅,共有,226.0,0.25,中楼层,五道口,海淀,其他,,,,有,927.0,877.4938929650705,0.05340464620812247
292,1.0,,,私产,70.0,集中供暖,1.0,1.0,2.0,1.0,1.0,3.0,沁园公寓,1999.0,塔楼,钢混结构,177.36,24.0,平层,满五年,普通住宅,非共有,238.0,0.25,高楼层,苏州桥,海淀,精装,,,,有,939.0,1280.2925956556244,0.3634638931369802
293,,,,央产房,70.0,集中供暖,1.0,1.0,1.0,,1.0,2.0,核二院,1990.0,板楼,混合结构,41.6,5.0,平层,满五年,普通住宅,非共有,108.0,0.3333333333333333,底层,定慧寺,海淀,毛坯,,,,无,468.0,478.0397263501959,0.021452406731187833
294,,,,商品房,70.0,集中供暖,1.0,1.0,1.0,1.0,1.0,2.0,双榆树北路6号院,1988.0,板楼,混合结构,55.8,6.0,平层,满五年,普通住宅,非共有,364.0,0.3333333333333333,中楼层,双榆树,海淀,其他,,,,无,515.0,515.3018890398553,0.0005861923103985796
295,,,,商品房,70.0,集中供暖,,1.0,1.0,1.0,1.0,1.0,建设研究院,1980.0,板楼,混合结构,39.7,6.0,平层,满五年,普通住宅,非共有,177.0,0.3333333333333333,低楼层,五棵松,海淀,简装,,,,无,421.5,337.1163617371851,0.20019843004226545
296,,,,商品房,70.0,集中供暖,1.0,1.0,1.0,1.0,1.0,2.0,永定路东街5号院,1984.0,板楼,混合结构,57.4,5.0,平层,满两年,普通住宅,非共有,391.0,0.3333333333333333,顶层,五棵松,海淀,精装,,,,无,495.0,507.6947523120856,0.025645964266839592
297,,,,商品房,70.0,集中供暖,,1.0,1.0,1.0,1.0,2.0,塔院小区,1988.0,板楼,混合结构,61.5,6.0,平层,满五年,普通住宅,非共有,188.0,0.3333333333333333,中楼层,牡丹园,海淀,精装,,,,无,520.0,540.6678651318305,0.03974589448428936
298,,,,已购公房,70.0,集中供暖,,1.0,1.0,1.0,1.0,1.0,学院南路6号,1988.0,板塔结合,钢混结构,38.87,12.0,平层,满五年,普通住宅,非共有,320.0,0.125,中楼层,小西天,海淀,简装,,,,无,350.0,318.47838412316855,0.09006175964808985
299,1.0,,,商品房,70.0,集中供暖,,1.0,1.0,2.0,1.0,2.0,天兆家园,2003.0,板楼,钢混结构,118.44,22.0,平层,满五年,普通住宅,非共有,245.0,0.6666666666666666,中楼层,西直门,海淀,简装,,,,有,1140.0,1259.9023965713548,0.10517754085206557
300,,,,商品房,70.0,集中供暖,,1.0,1.0,1.0,1.0,1.0,双榆树北里,1986.0,塔楼,钢混结构,43.2,16.0,平层,满五年,普通住宅,非共有,348.0,0.2222222222222222,低楼层,双榆树,海淀,其他,,,,有,459.0,434.53306786474695,0.05330486303976698
301,,,,商品房,70.0,集中供暖,1.0,1.0,1.0,1.0,1.0,2.0,永定路98号院,1981.0,板楼,混合结构,54.1,5.0,平层,满两年,普通住宅,非共有,354.0,0.3333333333333333,中楼层,五棵松,海淀,精装,,,,无,499.0,466.59886882563626,0.06493212660193134
302,,,,商品房,70.0,集中供暖,1.0,1.0,1.0,2.0,1.0,2.0,华鸿家园,2008.0,板楼,钢混结构,96.09,6.0,平层,满五年,普通住宅,非共有,375.0,0.5,低楼层,西三旗,海淀,精装,,,,有,525.5,556.4323002535407,0.05886260752338856
303,,,,已购公房,70.0,集中供暖,,1.0,1.0,1.0,1.0,1.0,万寿路26号院,1990.0,塔楼,钢混结构,39.0,18.0,平层,满五年,普通住宅,非共有,42.0,0.2857142857142857,顶层,公主坟,海淀,简装,,,,有,383.0,377.5138133671337,0.014324247083201808
304,1.0,,,商品房,70.0,集中供暖,,,1.0,1.0,1.0,2.0,昌运宫,1990.0,塔楼,钢混结构,67.51,13.0,平层,满五年,普通住宅,非共有,232.0,0.25,中楼层,紫竹桥,海淀,精装,,1.0,,有,521.0,513.0102549850633,0.015335403099686595
305,,,,商品房,70.0,集中供暖,1.0,1.0,1.0,1.0,1.0,2.0,双榆树北路6号院,1987.0,板楼,混合结构,55.8,6.0,平层,满五年,普通住宅,非共有,329.0,0.3333333333333333,中楼层,双榆树,海淀,简装,,,,无,518.0,514.2975630051737,0.0071475617660738565
306,,,,商品房,70.0,集中供暖,1.0,1.0,1.0,1.0,1.0,2.0,621小区,1980.0,板楼,混合结构,61.5,6.0,平层,满五年,普通住宅,非共有,177.0,0.3333333333333333,高楼层,清河,海淀,精装,,,,无,435.0,421.56170745980955,0.030892626529173437
307,,,,商品房,70.0,集中供暖,1.0,1.0,1.0,1.0,1.0,1.0,万泉庄小区,1991.0,板楼,混合结构,46.6,6.0,平层,满五年,普通住宅,非共有,244.0,0.5,中楼层,苏州桥,海淀,精装,,,,无,480.0,493.4141065651942,0.02794605534415453
308,,,,已购公房,70.0,集中供暖,,1.0,1.0,1.0,1.0,2.0,法华寺小区,1994.0,塔楼,钢混结构,63.4,16.0,平层,满五年,普通住宅,非共有,186.0,0.125,中楼层,魏公村,海淀,简装,,,,有,535.0,629.5618444008696,0.17675111102966287
309,,,,商品房,70.0,集中供暖,,1.0,1.0,1.0,1.0,1.0,翠微路2号院,1998.0,板楼,混合结构,41.9,6.0,平层,满五年,普通住宅,非共有,344.0,0.25,中楼层,公主坟,海淀,简装,,,,无,380.0,423.28716431536657,0.11391359030359623
310,,,,商品房,70.0,集中供暖,,1.0,1.0,1.0,1.0,1.0,北洼东里,1998.0,塔楼,钢混结构,52.71,18.0,平层,满两年,普通住宅,非共有,326.0,0.2222222222222222,中楼层,紫竹桥,海淀,精装,,,,有,420.0,471.386904480254,0.12234977257203328
311,1.0,,,商品房,70.0,集中供暖,,,1.0,1.0,1.0,1.0,北蜂窝路15号院,1997.0,塔楼,钢混结构,51.3,19.0,平层,满五年,普通住宅,非共有,222.0,0.125,高楼层,军博,海淀,精装,,,,无,398.0,363.0863307622998,0.08772278702939754
312,,,,已购公房,70.0,集中供暖,1.0,1.0,1.0,1.0,1.0,2.0,西三环北路56号院,1980.0,板楼,混合结构,58.4,6.0,平层,满五年,普通住宅,非共有,103.0,0.3333333333333333,底层,紫竹桥,海淀,其他,,,,无,474.0,483.93969109227464,0.02096981243095916
313,,,,已购公房,70.0,集中供暖,1.0,1.0,1.0,1.0,1.0,2.0,永景园,2000.0,板楼,混合结构,66.86,6.0,平层,满五年,普通住宅,非共有,46.0,0.3333333333333333,低楼层,田村,海淀,简装,,,,无,466.5,490.39395970849114,0.05121963495925217
314,,,,商品房,70.0,集中供暖,1.0,1.0,1.0,1.0,1.0,1.0,菊园,1996.0,板楼,混合结构,48.7,6.0,平层,满五年,普通住宅,非共有,349.0,0.5,底层,马连洼,海淀,简装,,,,无,350.0,307.58841883780156,0.12117594617770984
315,,,,商品房,70.0,集中供暖,,,1.0,1.0,1.0,2.0,永泰园,2002.0,塔楼,钢混结构,114.62,31.0,平层,满五年,普通住宅,非共有,346.0,0.3,低楼层,清河,海淀,精装,,1.0,,有,655.0,642.637159493657,0.018874565658538917
316,,,,商品房,70.0,集中供暖,1.0,1.0,1.0,1.0,1.0,2.0,钟表南园,1988.0,板楼,混合结构,54.9,6.0,平层,满五年,普通住宅,非共有,347.0,0.5,高楼层,马甸,海淀,简装,,,,无,448.5,463.46339153562553,0.033363191829711335
317,1.0,,,商品房,70.0,集中供暖,,,1.0,,1.0,1.0,紫金数码,2007.0,板塔结合,钢混结构,39.48,13.0,平层,满五年,商业办公类,非共有,169.0,0.14285714285714285,低楼层,中关村,海淀,精装,,,,有,258.0,277.3556757562527,0.07502199905524305
318,,,1.0,已购公房,70.0,集中供暖,1.0,,1.0,1.0,1.0,3.0,翠微南里,1990.0,塔楼,钢混结构,90.67,18.0,平层,满五年,普通住宅,共有,279.0,0.2857142857142857,高楼层,公主坟,海淀,简装,,,,有,750.0,765.4939171475729,0.020658556196763888
319,,,,商品房,70.0,集中供暖,,1.0,1.0,1.0,1.0,1.0,金隅翡丽铂爵郡,2014.0,板楼,钢混结构,63.9,6.0,平层,满两年,普通住宅,非共有,223.0,0.3333333333333333,低楼层,西三旗,海淀,精装,,,,有,444.5,393.75561792291523,0.11416058959974075
320,,,,商品房,70.0,集中供暖,1.0,1.0,1.0,1.0,1.0,2.0,小营东路5号院,1996.0,板楼,混合结构,54.1,5.0,平层,满五年,普通住宅,非共有,189.0,0.5,顶层,清河,海淀,简装,,,,无,360.0,352.0703090220503,0.022026919383193583
321,,,,商品房,70.0,集中供暖,,,1.0,1.0,1.0,1.0,红联北村,1993.0,塔楼,钢混结构,43.7,16.0,平层,满两年,普通住宅,非共有,375.0,0.2857142857142857,中楼层,小西天,海淀,精装,,,1.0,有,400.0,359.5945431113024,0.10101364222174397
322,,,,商品房,70.0,集中供暖,,,1.0,2.0,1.0,2.0,汇福轩,2000.0,塔楼,钢混结构,102.27,18.0,平层,满五年,普通住宅,非共有,238.0,0.16666666666666666,低楼层,白石桥,海淀,简装,,,1.0,有,806.0,798.2512378821731,0.00961384878142297
323,,,,商品房,70.0,集中供暖,1.0,1.0,1.0,1.0,1.0,3.0,青云南区,1962.0,板楼,混合结构,102.2,5.0,平层,满五年,普通住宅,非共有,215.0,0.5,底层,皂君庙,海淀,简装,,,,无,740.0,739.2224392540007,0.0010507577648638743
324,,,,商品房,70.0,集中供暖,,,2.0,1.0,1.0,2.0,人济山庄,2001.0,塔楼,钢混结构,117.93,26.0,平层,满五年,普通住宅,非共有,308.0,0.375,中楼层,紫竹桥,海淀,精装,1.0,,,有,1090.0,1133.4879075087456,0.03989716285206018
325,,,,商品房,70.0,集中供暖,1.0,1.0,4.0,2.0,1.0,4.0,褐石,2007.0,板楼,钢混结构,283.48,5.0,跃层,满两年,别墅,非共有,229.0,0.25,底层,五道口,海淀,精装,,,,有,3050.0,2483.6788168462695,0.18567907644384607
326,1.0,,,商品房,70.0,集中供暖,,,1.0,1.0,1.0,2.0,学院南路乙10号院,1987.0,板塔结合,钢混结构,60.8,16.0,平层,满五年,普通住宅,非共有,291.0,0.25,高楼层,小西天,海淀,简装,,,,有,486.0,449.4526827834394,0.07520024118633868
327,,,,已购公房,70.0,集中供暖,1.0,1.0,1.0,1.0,1.0,3.0,大慧寺21号院,1990.0,板楼,混合结构,91.3,6.0,平层,满五年,普通住宅,共有,197.0,0.3333333333333333,高楼层,白石桥,海淀,简装,,,,无,800.0,776.9535436215727,0.028808070473034065
328,,,,商品房,70.0,集中供暖,1.0,1.0,1.0,1.0,1.0,3.0,建材城东一里,1996.0,板楼,混合结构,77.9,7.0,平层,满五年,普通住宅,非共有,377.0,0.5,中楼层,西三旗,海淀,精装,,,,无,428.0,501.63968630894124,0.17205534184332064
329,,,,商品房,70.0,集中供暖,,1.0,1.0,1.0,1.0,2.0,塔院小区,1988.0,板楼,混合结构,57.9,6.0,平层,满五年,普通住宅,共有,354.0,0.3333333333333333,高楼层,牡丹园,海淀,精装,,,,无,472.0,535.5756515521358,0.13469417701723688
330,1.0,,,商品房,70.0,集中供暖,,,1.0,1.0,1.0,2.0,红联北村,1993.0,板塔结合,钢混结构,73.5,14.0,平层,满两年,普通住宅,非共有,157.0,0.18181818181818182,中楼层,小西天,海淀,其他,,,,有,520.0,514.3884701909817,0.010791403478881334
331,,,,商品房,70.0,集中供暖,1.0,1.0,1.0,1.0,1.0,3.0,王公坟社区,1989.0,板楼,钢混结构,67.52,10.0,平层,满五年,普通住宅,非共有,100.0,0.5,底层,苏州桥,海淀,精装,,,,有,613.5,684.8633734408147,0.11632171709994248
332,1.0,,,商品房,70.0,集中供暖,,,1.0,1.0,1.0,2.0,水利新宿舍,2012.0,塔楼,钢混结构,78.49,28.0,平层,满两年,普通住宅,共有,97.0,0.3333333333333333,低楼层,公主坟,海淀,简装,,,,有,600.0,681.5344025771014,0.13589067096183574
333,,,,已购公房,70.0,集中供暖,1.0,1.0,1.0,1.0,1.0,2.0,玉泉路16号院,1962.0,板楼,混合结构,68.3,5.0,平层,满五年,普通住宅,非共有,189.0,0.3333333333333333,中楼层,玉泉路,海淀,简装,,,,无,359.0,359.17761507697,0.000494749518022362
334,,,,商品房,70.0,集中供暖,1.0,1.0,1.0,1.0,1.0,3.0,复兴路甲65号,1990.0,板塔结合,钢混结构,89.6,12.0,平层,满五年,普通住宅,非共有,286.0,0.18181818181818182,低楼层,万寿路,海淀,简装,,,,有,900.0,791.1686796461736,0.12092368928202935
335,,,,商品房,70.0,集中供暖,1.0,1.0,1.0,1.0,1.0,3.0,万寿路西街9号,1999.0,板楼,混合结构,102.3,7.0,平层,满五年,普通住宅,非共有,175.0,0.5,中楼层,万寿路,海淀,精装,,,,无,959.0,980.6481040253923,0.022573622549939817
336,,,,商品房,70.0,集中供暖,1.0,,1.0,,1.0,1.0,中湾国际,2007.0,塔楼,钢混结构,63.81,19.0,平层,满五年,公寓,非共有,181.0,0.17647058823529413,高楼层,苏州桥,海淀,精装,,,,有,420.0,504.21037260578487,0.20050088715663064
337,,,,商品房,70.0,集中供暖,,,1.0,,1.0,1.0,紫金数码,2007.0,板塔结合,钢混结构,39.4,13.0,平层,满五年,商业办公类,非共有,278.0,0.12903225806451613,中楼层,中关村,海淀,精装,1.0,,,有,280.0,279.555822769075,0.0015863472533035456
338,,,,商品房,70.0,集中供暖,,1.0,1.0,1.0,1.0,1.0,塔院小区,1989.0,板塔结合,钢混结构,45.2,14.0,平层,满五年,普通住宅,非共有,274.0,0.16666666666666666,中楼层,牡丹园,海淀,简装,,,,有,388.0,383.7319053209842,0.011000244018081968
339,,,,商品房,70.0,集中供暖,1.0,1.0,1.0,1.0,1.0,2.0,双榆树北路6号院,1989.0,板楼,混合结构,55.4,6.0,平层,满五年,普通住宅,共有,189.0,0.3333333333333333,低楼层,双榆树,海淀,精装,,,,无,490.0,538.1674758712958,0.09830097116590975
340,,,,已购公房,70.0,集中供暖,1.0,1.0,1.0,1.0,1.0,2.0,铁西小区,1990.0,板楼,混合结构,57.7,6.0,平层,满五年,普通住宅,非共有,40.0,0.3333333333333333,中楼层,军博,海淀,简装,,,,无,432.0,503.197486352915,0.16480899618730327
341,,,,商品房,70.0,集中供暖,,1.0,1.0,1.0,1.0,1.0,月季园,1994.0,板楼,混合结构,49.9,7.0,平层,满两年,普通住宅,非共有,358.0,0.5,低楼层,马甸,海淀,简装,,,,无,410.0,395.239911725786,0.036000215302961006
342,,,,二类经济适用房,70.0,集中供暖,,,1.0,1.0,1.0,3.0,航南小区,2000.0,塔楼,钢混结构,128.41,18.0,平层,满五年,普通住宅,非共有,167.0,0.3333333333333333,中楼层,知春路,海淀,精装,,,1.0,有,1140.0,1005.752156107643,0.11776126657224295
